INSERT INTO app_user (id, username, email, password_hash, display_name, slug, bio, avatar_url, created_at, updated_at) VALUES
(1, 'admin', 'admin@artdrop.local', '$2y$12$SuJuEno6LV0dzleXdaMelOWXcvOk4BgNpoEVYspTjfplrl34/jrA2', 'Elena Rostova', 'elena-rostova', 'Abstract painter exploring light and texture.', 'https://i.pravatar.cc/160?img=47', CURRENT_TIMESTAMP(), CURRENT_TIMESTAMP()),
(2, 'user', 'user@artdrop.local', '$2y$12$OYLYVeDx36mPNwI6gK55K.9Ocq/OvVhiJD47KT3dEt5RYnL9Vy4cS', 'Julian Vane', 'julian-vane', 'Sculptor working in matte clay and bronze.', 'https://i.pravatar.cc/160?img=12', CURRENT_TIMESTAMP(), CURRENT_TIMESTAMP()),
(3, 'sarah', 'sarah@artdrop.local', '$2y$12$OYLYVeDx36mPNwI6gK55K.9Ocq/OvVhiJD47KT3dEt5RYnL9Vy4cS', 'Sarah Millay', 'sarah-millay', 'Mixed media artist based in Lisbon.', 'https://i.pravatar.cc/160?img=32', CURRENT_TIMESTAMP(), CURRENT_TIMESTAMP()),
(4, 'marc', 'marc@artdrop.local', '$2y$12$OYLYVeDx36mPNwI6gK55K.9Ocq/OvVhiJD47KT3dEt5RYnL9Vy4cS', 'Marc Zheng', 'marc-zheng', '3D artist rendering tactile virtual surfaces.', 'https://i.pravatar.cc/160?img=15', CURRENT_TIMESTAMP(), CURRENT_TIMESTAMP()),
(5, 'claire', 'claire@artdrop.local', '$2y$12$OYLYVeDx36mPNwI6gK55K.9Ocq/OvVhiJD47KT3dEt5RYnL9Vy4cS', 'Claire Durand', 'claire-durand', 'Heavy body acrylic pours and color theory studies.', 'https://i.pravatar.cc/160?img=49', CURRENT_TIMESTAMP(), CURRENT_TIMESTAMP()),
(6, 'thomas', 'thomas@artdrop.local', '$2y$12$OYLYVeDx36mPNwI6gK55K.9Ocq/OvVhiJD47KT3dEt5RYnL9Vy4cS', 'Thomas Reade', 'thomas-reade', 'Architectural photographer, silver gelatin prints.', 'https://i.pravatar.cc/160?img=8', CURRENT_TIMESTAMP(), CURRENT_TIMESTAMP());

INSERT INTO authority (id, name) VALUES
(1, 'ROLE_ADMIN'),
(2, 'ROLE_USER');

INSERT INTO user_authority (user_id, authority_id) VALUES
(1, 1),
(1, 2),
(2, 2),
(3, 2),
(4, 2),
(5, 2),
(6, 2);

INSERT INTO artwork (id, author_id, title, medium, description, image_url, price, progress_status, sale_status, published_at, created_at, updated_at) VALUES
(1,  1, 'Neon Etherealism',     'Digital',     'This piece explores the intersection of digital light and physical texture, inspired by Tokyo nights.', 'https://upload.wikimedia.org/wikipedia/commons/thumb/e/ea/Van_Gogh_-_Starry_Night_-_Google_Art_Project.jpg/960px-Van_Gogh_-_Starry_Night_-_Google_Art_Project.jpg', 1200.00, 'FINISHED', 'AVAILABLE', CURRENT_TIMESTAMP(),                         CURRENT_TIMESTAMP(), CURRENT_TIMESTAMP()),
(2,  2, 'Quiet Form No. 4',     'Sculpture',   'Currently refining the surface tension of the curves. Aiming for a bone-like finish.',                'https://i.etsystatic.com/5150206/r/il/a7ebd2/5329033525/il_fullxfull.5329033525_sg3b.jpg', 3450.00, 'WIP',      'ORIGINAL',  CURRENT_TIMESTAMP(),                         CURRENT_TIMESTAMP(), CURRENT_TIMESTAMP()),
(3,  3, 'Floral Deconstruction','Mixed Media', 'A series exploring the fragility of botanical structures through destructive layering.',             'https://www.publicdomainpictures.net/pictures/240000/nahled/color-gradient-background.jpg',  450.00, 'FINISHED', 'EDITION',   CURRENT_TIMESTAMP(),                         CURRENT_TIMESTAMP(), CURRENT_TIMESTAMP()),
(4,  4, 'Soft Velocity',        'Digital',     'Rendered in Octane, focusing on the tactile quality of virtual light surfaces.',                      'https://encrypted-tbn0.gstatic.com/images?q=tbn:ANd9GcRXeoCVAfeolMJiXQkv8U1H8Gxn6cRbSYsiMQ&s', 850.00, 'FINISHED', 'AVAILABLE', CURRENT_TIMESTAMP(),                         CURRENT_TIMESTAMP(), CURRENT_TIMESTAMP()),
(5,  5, 'Oceanic Drift',        'Acrylic',     'A study in fluid dynamics and color theory using heavy body acrylics.',                                'https://encrypted-tbn0.gstatic.com/images?q=tbn:ANd9GcRYzoOMG7v3sdWE74CkRShXeu3VLBuUGRcu7g&s', 2100.00, 'FINISHED', 'ORIGINAL', CURRENT_TIMESTAMP(),                         CURRENT_TIMESTAMP(), CURRENT_TIMESTAMP()),
(6,  6, 'Shadow Geometry',      'Photography', 'Limited edition of 25. Silver gelatin prints on museum-quality paper.',                                'https://upload.wikimedia.org/wikipedia/commons/thumb/e/ea/Van_Gogh_-_Starry_Night_-_Google_Art_Project.jpg/960px-Van_Gogh_-_Starry_Night_-_Google_Art_Project.jpg', 550.00, 'FINISHED', 'EDITION',   CURRENT_TIMESTAMP(),                         CURRENT_TIMESTAMP(), CURRENT_TIMESTAMP()),
(7,  1, 'Golden Hour Study',    'Oil',         'Landscape inspired by sunset colors over the Adriatic.',                                              'https://upload.wikimedia.org/wikipedia/commons/thumb/e/ea/Van_Gogh_-_Starry_Night_-_Google_Art_Project.jpg/960px-Van_Gogh_-_Starry_Night_-_Google_Art_Project.jpg',  980.00, 'FINISHED', 'AVAILABLE', DATEADD('DAY',  -2, CURRENT_TIMESTAMP()),    CURRENT_TIMESTAMP(), CURRENT_TIMESTAMP()),
(8,  4, 'Pastel Recursion',     'Digital',     'Recursive pastel geometry, a meditation on loops.',                                                    'https://encrypted-tbn0.gstatic.com/images?q=tbn:ANd9GcRXeoCVAfeolMJiXQkv8U1H8Gxn6cRbSYsiMQ&s',    NULL, 'WIP',      'ORIGINAL',  DATEADD('DAY',  -1, CURRENT_TIMESTAMP()),    CURRENT_TIMESTAMP(), CURRENT_TIMESTAMP()),
(9,  1, 'Crimson Threshold',    'Oil',         'Heavy impasto in a single warm key, painted in three sittings.',                                       'https://www.publicdomainpictures.net/pictures/240000/nahled/color-gradient-background.jpg',  720.00, 'FINISHED', 'ORIGINAL',  DATEADD('DAY',  -4, CURRENT_TIMESTAMP()),    CURRENT_TIMESTAMP(), CURRENT_TIMESTAMP()),
(10, 3, 'Static Bloom',         'Mixed Media', 'Photogravure layered with cyanotype, examining radio static as botany.',                               'https://encrypted-tbn0.gstatic.com/images?q=tbn:ANd9GcRYzoOMG7v3sdWE74CkRShXeu3VLBuUGRcu7g&s',  390.00, 'FINISHED', 'EDITION',   DATEADD('DAY',  -6, CURRENT_TIMESTAMP()),    CURRENT_TIMESTAMP(), CURRENT_TIMESTAMP()),
(11, 6, 'Brutalist Echo',       'Photography', 'A study of poured-concrete stairwells in early-morning fog.',                                          'https://i.etsystatic.com/5150206/r/il/a7ebd2/5329033525/il_fullxfull.5329033525_sg3b.jpg',   620.00, 'FINISHED', 'EDITION',   DATEADD('DAY',  -7, CURRENT_TIMESTAMP()),    CURRENT_TIMESTAMP(), CURRENT_TIMESTAMP()),
(12, 2, 'Iron and Cloud',       'Sculpture',   'Hot-rolled steel offcuts welded into a single suspended form.',                                        'https://i.etsystatic.com/5150206/r/il/a7ebd2/5329033525/il_fullxfull.5329033525_sg3b.jpg',  4100.00, 'FINISHED', 'ORIGINAL',  DATEADD('DAY',  -9, CURRENT_TIMESTAMP()),    CURRENT_TIMESTAMP(), CURRENT_TIMESTAMP()),
(13, 4, 'Neon Threshold',       'Digital',     'Companion piece to Soft Velocity, rendered in a single overnight pass.',                               'https://encrypted-tbn0.gstatic.com/images?q=tbn:ANd9GcRXeoCVAfeolMJiXQkv8U1H8Gxn6cRbSYsiMQ&s',  680.00, 'WIP',      'ORIGINAL',  DATEADD('DAY', -10, CURRENT_TIMESTAMP()),    CURRENT_TIMESTAMP(), CURRENT_TIMESTAMP()),
(14, 5, 'Folded Light',         'Acrylic',     'Fluid pour over folded canvas, tilted twice during cure.',                                             'https://www.publicdomainpictures.net/pictures/240000/nahled/color-gradient-background.jpg', 1450.00, 'FINISHED', 'AVAILABLE', DATEADD('DAY', -11, CURRENT_TIMESTAMP()),    CURRENT_TIMESTAMP(), CURRENT_TIMESTAMP()),
(15, 1, 'Twilight Loop',        'Digital',     'A motion still extracted from a longer generative sequence.',                                          'https://upload.wikimedia.org/wikipedia/commons/thumb/e/ea/Van_Gogh_-_Starry_Night_-_Google_Art_Project.jpg/960px-Van_Gogh_-_Starry_Night_-_Google_Art_Project.jpg',  410.00, 'FINISHED', 'EDITION',   DATEADD('DAY', -13, CURRENT_TIMESTAMP()),    CURRENT_TIMESTAMP(), CURRENT_TIMESTAMP()),
(16, 6, 'Salt Fields',          'Photography', 'Aerial drone series over evaporation pans at the Camargue.',                                           'https://upload.wikimedia.org/wikipedia/commons/thumb/e/ea/Van_Gogh_-_Starry_Night_-_Google_Art_Project.jpg/960px-Van_Gogh_-_Starry_Night_-_Google_Art_Project.jpg',  790.00, 'FINISHED', 'EDITION',   DATEADD('DAY', -14, CURRENT_TIMESTAMP()),    CURRENT_TIMESTAMP(), CURRENT_TIMESTAMP()),
(17, 5, 'Coastal Memory',       'Acrylic',     'Layered washes built up over a winter spent near the Atlantic.',                                       'https://encrypted-tbn0.gstatic.com/images?q=tbn:ANd9GcRYzoOMG7v3sdWE74CkRShXeu3VLBuUGRcu7g&s', 1880.00, 'FINISHED', 'ORIGINAL',  DATEADD('DAY', -16, CURRENT_TIMESTAMP()),    CURRENT_TIMESTAMP(), CURRENT_TIMESTAMP()),
(18, 3, 'Paper Architecture',   'Mixed Media', 'Hand-cut paper assemblage referencing modernist housing blocks.',                                      'https://www.publicdomainpictures.net/pictures/240000/nahled/color-gradient-background.jpg',  540.00, 'FINISHED', 'EDITION',   DATEADD('DAY', -18, CURRENT_TIMESTAMP()),    CURRENT_TIMESTAMP(), CURRENT_TIMESTAMP()),
(19, 2, 'Hollow Bone',          'Sculpture',   'Cast in hydrocal, sanded and waxed to a translucent finish.',                                          'https://i.etsystatic.com/5150206/r/il/a7ebd2/5329033525/il_fullxfull.5329033525_sg3b.jpg',  2400.00, 'WIP',      'ORIGINAL',  DATEADD('DAY', -19, CURRENT_TIMESTAMP()),    CURRENT_TIMESTAMP(), CURRENT_TIMESTAMP()),
(20, 6, 'Concrete Garden',      'Photography', 'Late-summer documentation of a brutalist housing courtyard.',                                          'https://i.etsystatic.com/5150206/r/il/a7ebd2/5329033525/il_fullxfull.5329033525_sg3b.jpg',   470.00, 'FINISHED', 'EDITION',   DATEADD('DAY', -21, CURRENT_TIMESTAMP()),    CURRENT_TIMESTAMP(), CURRENT_TIMESTAMP()),
(21, 4, 'Saturated Drift',      'Digital',     'High-saturation render iterating on a procedural noise field.',                                        'https://encrypted-tbn0.gstatic.com/images?q=tbn:ANd9GcRXeoCVAfeolMJiXQkv8U1H8Gxn6cRbSYsiMQ&s',  330.00, 'FINISHED', 'EDITION',   DATEADD('DAY', -22, CURRENT_TIMESTAMP()),    CURRENT_TIMESTAMP(), CURRENT_TIMESTAMP()),
(22, 5, 'Slow Tide',            'Acrylic',     'Single-pour color study, painted standing up over six hours.',                                         'https://encrypted-tbn0.gstatic.com/images?q=tbn:ANd9GcRYzoOMG7v3sdWE74CkRShXeu3VLBuUGRcu7g&s',    NULL, 'WIP',      'ORIGINAL',  DATEADD('DAY', -24, CURRENT_TIMESTAMP()),    CURRENT_TIMESTAMP(), CURRENT_TIMESTAMP()),
(23, 1, 'The Inner Window',     'Oil',         'Interior with curtain, painted from a single window in winter.',                                       'https://upload.wikimedia.org/wikipedia/commons/thumb/e/ea/Van_Gogh_-_Starry_Night_-_Google_Art_Project.jpg/960px-Van_Gogh_-_Starry_Night_-_Google_Art_Project.jpg', 1320.00, 'FINISHED', 'AVAILABLE', DATEADD('DAY', -26, CURRENT_TIMESTAMP()),    CURRENT_TIMESTAMP(), CURRENT_TIMESTAMP()),
(24, 2, 'Mineral Studies',      'Sculpture',   'Series of small forms cast from collected riverbed pebbles.',                                          'https://i.etsystatic.com/5150206/r/il/a7ebd2/5329033525/il_fullxfull.5329033525_sg3b.jpg',   880.00, 'FINISHED', 'EDITION',   DATEADD('DAY', -28, CURRENT_TIMESTAMP()),    CURRENT_TIMESTAMP(), CURRENT_TIMESTAMP()),
(25, 3, 'Atlas of Quiet',       'Mixed Media', 'Bookwork: 64 pages of pressed botanicals and silver-leaf gilding.',                                    'https://www.publicdomainpictures.net/pictures/240000/nahled/color-gradient-background.jpg', 1100.00, 'FINISHED', 'ORIGINAL',  DATEADD('DAY', -29, CURRENT_TIMESTAMP()),    CURRENT_TIMESTAMP(), CURRENT_TIMESTAMP()),
(26, 4, 'Phosphor Garden',      'Digital',     'Procedural growth study, slow-rendered as a still triptych.',                                          'https://encrypted-tbn0.gstatic.com/images?q=tbn:ANd9GcRXeoCVAfeolMJiXQkv8U1H8Gxn6cRbSYsiMQ&s',  590.00, 'FINISHED', 'EDITION',   DATEADD('DAY', -31, CURRENT_TIMESTAMP()),    CURRENT_TIMESTAMP(), CURRENT_TIMESTAMP()),
(27, 6, 'Long Shadow',          'Photography', 'Late-afternoon study of a single concrete colonnade.',                                                 'https://upload.wikimedia.org/wikipedia/commons/thumb/e/ea/Van_Gogh_-_Starry_Night_-_Google_Art_Project.jpg/960px-Van_Gogh_-_Starry_Night_-_Google_Art_Project.jpg',  430.00, 'FINISHED', 'EDITION',   DATEADD('DAY', -33, CURRENT_TIMESTAMP()),    CURRENT_TIMESTAMP(), CURRENT_TIMESTAMP()),
(28, 5, 'Heatwave',             'Acrylic',     'High-key palette painted during the August heat dome.',                                                'https://encrypted-tbn0.gstatic.com/images?q=tbn:ANd9GcRYzoOMG7v3sdWE74CkRShXeu3VLBuUGRcu7g&s',  960.00, 'FINISHED', 'AVAILABLE', DATEADD('DAY', -35, CURRENT_TIMESTAMP()),    CURRENT_TIMESTAMP(), CURRENT_TIMESTAMP()),
(29, 1, 'Halftone Memoir',      'Oil',         'Portrait series translating found halftone scans into oil.',                                           'https://upload.wikimedia.org/wikipedia/commons/thumb/e/ea/Van_Gogh_-_Starry_Night_-_Google_Art_Project.jpg/960px-Van_Gogh_-_Starry_Night_-_Google_Art_Project.jpg', 1750.00, 'FINISHED', 'ORIGINAL',  DATEADD('DAY', -38, CURRENT_TIMESTAMP()),    CURRENT_TIMESTAMP(), CURRENT_TIMESTAMP()),
(30, 2, 'Tide Marker',          'Sculpture',   'Outdoor piece sited at low tide, weathered by a full season.',                                         'https://i.etsystatic.com/5150206/r/il/a7ebd2/5329033525/il_fullxfull.5329033525_sg3b.jpg',  3200.00, 'FINISHED', 'ORIGINAL',  DATEADD('DAY', -40, CURRENT_TIMESTAMP()),    CURRENT_TIMESTAMP(), CURRENT_TIMESTAMP()),
(31, 1, 'Vermillion Drift',     'Oil',         'Color-field study leaning into a single warm chord.',                                                  'https://www.publicdomainpictures.net/pictures/240000/nahled/color-gradient-background.jpg', 1280.00, 'FINISHED', 'ORIGINAL',  DATEADD('DAY', -42, CURRENT_TIMESTAMP()),    CURRENT_TIMESTAMP(), CURRENT_TIMESTAMP()),
(32, 4, 'Quiet Shader',         'Digital',     'Slow caustics rendered against a matte interior plane.',                                               'https://encrypted-tbn0.gstatic.com/images?q=tbn:ANd9GcRXeoCVAfeolMJiXQkv8U1H8Gxn6cRbSYsiMQ&s',  720.00, 'FINISHED', 'EDITION',   DATEADD('DAY', -43, CURRENT_TIMESTAMP()),    CURRENT_TIMESTAMP(), CURRENT_TIMESTAMP()),
(33, 6, 'Roof Geometry',        'Photography', 'Aerial study of a tile-roofed Mediterranean village.',                                                 'https://upload.wikimedia.org/wikipedia/commons/thumb/e/ea/Van_Gogh_-_Starry_Night_-_Google_Art_Project.jpg/960px-Van_Gogh_-_Starry_Night_-_Google_Art_Project.jpg',  510.00, 'FINISHED', 'EDITION',   DATEADD('DAY', -45, CURRENT_TIMESTAMP()),    CURRENT_TIMESTAMP(), CURRENT_TIMESTAMP()),
(34, 5, 'Quiet Surf',           'Acrylic',     'Cool-key wash painted from a single dawn observation.',                                                'https://encrypted-tbn0.gstatic.com/images?q=tbn:ANd9GcRYzoOMG7v3sdWE74CkRShXeu3VLBuUGRcu7g&s', 1620.00, 'FINISHED', 'AVAILABLE', DATEADD('DAY', -46, CURRENT_TIMESTAMP()),    CURRENT_TIMESTAMP(), CURRENT_TIMESTAMP()),
(35, 3, 'Cardinal Inventory',   'Mixed Media', 'Found-paper grid mapping color samples from a single block.',                                          'https://www.publicdomainpictures.net/pictures/240000/nahled/color-gradient-background.jpg',  680.00, 'FINISHED', 'EDITION',   DATEADD('DAY', -48, CURRENT_TIMESTAMP()),    CURRENT_TIMESTAMP(), CURRENT_TIMESTAMP()),
(36, 2, 'Bone Chair',           'Sculpture',   'Functional object cast in a single piece, finish-sanded by hand.',                                     'https://i.etsystatic.com/5150206/r/il/a7ebd2/5329033525/il_fullxfull.5329033525_sg3b.jpg',  5200.00, 'WIP',      'ORIGINAL',  DATEADD('DAY', -50, CURRENT_TIMESTAMP()),    CURRENT_TIMESTAMP(), CURRENT_TIMESTAMP()),
(37, 1, 'Threshold IV',         'Oil',         'Doorway studies in a long suite, rendered in three sittings.',                                         'https://upload.wikimedia.org/wikipedia/commons/thumb/e/ea/Van_Gogh_-_Starry_Night_-_Google_Art_Project.jpg/960px-Van_Gogh_-_Starry_Night_-_Google_Art_Project.jpg',  990.00, 'FINISHED', 'AVAILABLE', DATEADD('DAY', -52, CURRENT_TIMESTAMP()),    CURRENT_TIMESTAMP(), CURRENT_TIMESTAMP()),
(38, 4, 'Halo Pass',            'Digital',     'Single render iterating volumetric fog around a hollow form.',                                         'https://encrypted-tbn0.gstatic.com/images?q=tbn:ANd9GcRXeoCVAfeolMJiXQkv8U1H8Gxn6cRbSYsiMQ&s',  450.00, 'FINISHED', 'EDITION',   DATEADD('DAY', -54, CURRENT_TIMESTAMP()),    CURRENT_TIMESTAMP(), CURRENT_TIMESTAMP()),
(39, 6, 'Stair Section',        'Photography', 'Documentation of a single brutalist stairwell at noon.',                                               'https://i.etsystatic.com/5150206/r/il/a7ebd2/5329033525/il_fullxfull.5329033525_sg3b.jpg',   460.00, 'FINISHED', 'EDITION',   DATEADD('DAY', -55, CURRENT_TIMESTAMP()),    CURRENT_TIMESTAMP(), CURRENT_TIMESTAMP()),
(40, 5, 'Field Notes',          'Acrylic',     'Working notebook flattened into a single sheet of color.',                                             'https://encrypted-tbn0.gstatic.com/images?q=tbn:ANd9GcRYzoOMG7v3sdWE74CkRShXeu3VLBuUGRcu7g&s',    NULL, 'WIP',      'ORIGINAL',  DATEADD('DAY', -57, CURRENT_TIMESTAMP()),    CURRENT_TIMESTAMP(), CURRENT_TIMESTAMP()),
(41, 3, 'Pressed Light',        'Mixed Media', 'Cyanotype with botanical inclusions on archival rag.',                                                 'https://www.publicdomainpictures.net/pictures/240000/nahled/color-gradient-background.jpg',  420.00, 'FINISHED', 'EDITION',   DATEADD('DAY', -59, CURRENT_TIMESTAMP()),    CURRENT_TIMESTAMP(), CURRENT_TIMESTAMP()),
(42, 4, 'Lattice Bloom',        'Digital',     'Procedural growth resolving into a still flowering form.',                                             'https://encrypted-tbn0.gstatic.com/images?q=tbn:ANd9GcRXeoCVAfeolMJiXQkv8U1H8Gxn6cRbSYsiMQ&s',  640.00, 'FINISHED', 'EDITION',   DATEADD('DAY', -60, CURRENT_TIMESTAMP()),    CURRENT_TIMESTAMP(), CURRENT_TIMESTAMP()),
(43, 1, 'Slow Window',          'Oil',         'Window study, late winter light over five sittings.',                                                  'https://upload.wikimedia.org/wikipedia/commons/thumb/e/ea/Van_Gogh_-_Starry_Night_-_Google_Art_Project.jpg/960px-Van_Gogh_-_Starry_Night_-_Google_Art_Project.jpg', 1150.00, 'FINISHED', 'ORIGINAL',  DATEADD('DAY', -62, CURRENT_TIMESTAMP()),    CURRENT_TIMESTAMP(), CURRENT_TIMESTAMP()),
(44, 2, 'Stone Tongue',         'Sculpture',   'Chiselled basalt fragment mounted on a steel plate.',                                                  'https://i.etsystatic.com/5150206/r/il/a7ebd2/5329033525/il_fullxfull.5329033525_sg3b.jpg',  2750.00, 'FINISHED', 'ORIGINAL',  DATEADD('DAY', -64, CURRENT_TIMESTAMP()),    CURRENT_TIMESTAMP(), CURRENT_TIMESTAMP()),
(45, 6, 'Civic Lattice',        'Photography', 'Repeating-window facade as a city portrait at dusk.',                                                  'https://upload.wikimedia.org/wikipedia/commons/thumb/e/ea/Van_Gogh_-_Starry_Night_-_Google_Art_Project.jpg/960px-Van_Gogh_-_Starry_Night_-_Google_Art_Project.jpg',  580.00, 'FINISHED', 'EDITION',   DATEADD('DAY', -66, CURRENT_TIMESTAMP()),    CURRENT_TIMESTAMP(), CURRENT_TIMESTAMP()),
(46, 5, 'Salt and Iron',        'Acrylic',     'Heavy-body pour over rust-treated linen.',                                                             'https://encrypted-tbn0.gstatic.com/images?q=tbn:ANd9GcRYzoOMG7v3sdWE74CkRShXeu3VLBuUGRcu7g&s', 1980.00, 'FINISHED', 'ORIGINAL',  DATEADD('DAY', -68, CURRENT_TIMESTAMP()),    CURRENT_TIMESTAMP(), CURRENT_TIMESTAMP()),
(47, 3, 'Soft Index',           'Mixed Media', 'Encyclopedic page collage with hand-applied gouache.',                                                 'https://www.publicdomainpictures.net/pictures/240000/nahled/color-gradient-background.jpg',  490.00, 'FINISHED', 'EDITION',   DATEADD('DAY', -70, CURRENT_TIMESTAMP()),    CURRENT_TIMESTAMP(), CURRENT_TIMESTAMP()),
(48, 4, 'Tide Sequence',        'Digital',     'Three-frame still extracted from a longer water study.',                                               'https://encrypted-tbn0.gstatic.com/images?q=tbn:ANd9GcRXeoCVAfeolMJiXQkv8U1H8Gxn6cRbSYsiMQ&s',  370.00, 'FINISHED', 'EDITION',   DATEADD('DAY', -72, CURRENT_TIMESTAMP()),    CURRENT_TIMESTAMP(), CURRENT_TIMESTAMP()),
(49, 6, 'Cold Plaza',           'Photography', 'Empty civic square photographed in deep winter morning.',                                              'https://i.etsystatic.com/5150206/r/il/a7ebd2/5329033525/il_fullxfull.5329033525_sg3b.jpg',   500.00, 'FINISHED', 'EDITION',   DATEADD('DAY', -74, CURRENT_TIMESTAMP()),    CURRENT_TIMESTAMP(), CURRENT_TIMESTAMP()),
(50, 1, 'Inner Garden',         'Oil',         'Domestic still life with a single citrus and a bowl.',                                                 'https://upload.wikimedia.org/wikipedia/commons/thumb/e/ea/Van_Gogh_-_Starry_Night_-_Google_Art_Project.jpg/960px-Van_Gogh_-_Starry_Night_-_Google_Art_Project.jpg',  860.00, 'FINISHED', 'AVAILABLE', DATEADD('DAY', -76, CURRENT_TIMESTAMP()),    CURRENT_TIMESTAMP(), CURRENT_TIMESTAMP()),
(51, 2, 'Salt Vessel',          'Sculpture',   'Hand-thrown vessel finished with a slow salt firing.',                                                 'https://i.etsystatic.com/5150206/r/il/a7ebd2/5329033525/il_fullxfull.5329033525_sg3b.jpg',   980.00, 'FINISHED', 'EDITION',   DATEADD('DAY', -78, CURRENT_TIMESTAMP()),    CURRENT_TIMESTAMP(), CURRENT_TIMESTAMP()),
(52, 5, 'Late Flood',           'Acrylic',     'Unprimed canvas absorbing a single low-key wash.',                                                     'https://encrypted-tbn0.gstatic.com/images?q=tbn:ANd9GcRYzoOMG7v3sdWE74CkRShXeu3VLBuUGRcu7g&s', 1340.00, 'WIP',      'ORIGINAL',  DATEADD('DAY', -80, CURRENT_TIMESTAMP()),    CURRENT_TIMESTAMP(), CURRENT_TIMESTAMP()),
(53, 3, 'Quiet Type',           'Mixed Media', 'Letterpress proofs layered with translucent vellum.',                                                  'https://www.publicdomainpictures.net/pictures/240000/nahled/color-gradient-background.jpg',  330.00, 'FINISHED', 'EDITION',   DATEADD('DAY', -82, CURRENT_TIMESTAMP()),    CURRENT_TIMESTAMP(), CURRENT_TIMESTAMP()),
(54, 4, 'Warm Threshold',       'Digital',     'Renderpass tuned for a single warm threshold value.',                                                  'https://encrypted-tbn0.gstatic.com/images?q=tbn:ANd9GcRXeoCVAfeolMJiXQkv8U1H8Gxn6cRbSYsiMQ&s',  410.00, 'FINISHED', 'EDITION',   DATEADD('DAY', -84, CURRENT_TIMESTAMP()),    CURRENT_TIMESTAMP(), CURRENT_TIMESTAMP()),
(55, 1, 'Open Score',           'Oil',         'Abstract panel painted to a single repeated rhythm.',                                                  'https://upload.wikimedia.org/wikipedia/commons/thumb/e/ea/Van_Gogh_-_Starry_Night_-_Google_Art_Project.jpg/960px-Van_Gogh_-_Starry_Night_-_Google_Art_Project.jpg', 1450.00, 'FINISHED', 'ORIGINAL',  DATEADD('DAY', -86, CURRENT_TIMESTAMP()),    CURRENT_TIMESTAMP(), CURRENT_TIMESTAMP()),
(56, 6, 'Edge Case',            'Photography', 'Documentation of a single border between two materials.',                                              'https://upload.wikimedia.org/wikipedia/commons/thumb/e/ea/Van_Gogh_-_Starry_Night_-_Google_Art_Project.jpg/960px-Van_Gogh_-_Starry_Night_-_Google_Art_Project.jpg',  390.00, 'FINISHED', 'EDITION',   DATEADD('DAY', -88, CURRENT_TIMESTAMP()),    CURRENT_TIMESTAMP(), CURRENT_TIMESTAMP()),
(57, 2, 'Drift Anchor',         'Sculpture',   'Steel form intended to be sited near a moving shoreline.',                                             'https://i.etsystatic.com/5150206/r/il/a7ebd2/5329033525/il_fullxfull.5329033525_sg3b.jpg',  3850.00, 'FINISHED', 'ORIGINAL',  DATEADD('DAY', -90, CURRENT_TIMESTAMP()),    CURRENT_TIMESTAMP(), CURRENT_TIMESTAMP()),
(58, 5, 'Heavy Air',            'Acrylic',     'Atmospheric study from a single humid afternoon.',                                                     'https://encrypted-tbn0.gstatic.com/images?q=tbn:ANd9GcRYzoOMG7v3sdWE74CkRShXeu3VLBuUGRcu7g&s',  920.00, 'FINISHED', 'AVAILABLE', DATEADD('DAY', -92, CURRENT_TIMESTAMP()),    CURRENT_TIMESTAMP(), CURRENT_TIMESTAMP()),
(59, 3, 'Map of Hours',         'Mixed Media', 'Quilted fabric grid charting a year of one neighborhood.',                                             'https://www.publicdomainpictures.net/pictures/240000/nahled/color-gradient-background.jpg',  990.00, 'FINISHED', 'ORIGINAL',  DATEADD('DAY', -94, CURRENT_TIMESTAMP()),    CURRENT_TIMESTAMP(), CURRENT_TIMESTAMP()),
(60, 4, 'Slow Network',         'Digital',     'Long render of a soft-graph topology, lit from below.',                                                'https://encrypted-tbn0.gstatic.com/images?q=tbn:ANd9GcRXeoCVAfeolMJiXQkv8U1H8Gxn6cRbSYsiMQ&s',  560.00, 'FINISHED', 'EDITION',   DATEADD('DAY', -96, CURRENT_TIMESTAMP()),    CURRENT_TIMESTAMP(), CURRENT_TIMESTAMP());

INSERT INTO artwork_tags (artwork_id, tag) VALUES
(1, 'tokyo'), (1, 'neon'), (1, 'abstract'),
(2, 'sculpture'), (2, 'minimal'),
(3, 'botanical'), (3, 'layered'),
(4, 'render'), (4, '3d'),
(5, 'fluid'), (5, 'color'),
(6, 'brutalism'), (6, 'photo'),
(7, 'landscape'), (7, 'sunset'),
(8, 'geometry'), (8, 'pastel'),
(9, 'oil'), (9, 'warm'),
(10, 'cyanotype'), (10, 'botanical'),
(11, 'concrete'), (11, 'fog'),
(12, 'steel'), (12, 'suspended'),
(13, 'render'), (13, 'neon'),
(14, 'pour'), (14, 'fluid'),
(15, 'generative'), (15, 'twilight'),
(16, 'aerial'), (16, 'salt'),
(17, 'atlantic'), (17, 'wash'),
(18, 'paper'), (18, 'modernist'),
(19, 'hydrocal'), (19, 'translucent'),
(20, 'concrete'), (20, 'courtyard'),
(21, 'noise'), (21, 'render'),
(22, 'pour'), (22, 'study'),
(23, 'interior'), (23, 'window'),
(24, 'cast'), (24, 'mineral'),
(25, 'book'), (25, 'gilding'),
(26, 'procedural'), (26, 'triptych'),
(27, 'colonnade'), (27, 'shadow'),
(28, 'summer'), (28, 'palette'),
(29, 'portrait'), (29, 'halftone'),
(30, 'outdoor'), (30, 'weathered'),
(31, 'oil'), (31, 'color-field'),
(32, 'render'), (32, 'caustics'),
(33, 'aerial'), (33, 'roof'),
(34, 'dawn'), (34, 'wash'),
(35, 'paper'), (35, 'inventory'),
(36, 'cast'), (36, 'chair'),
(37, 'doorway'), (37, 'series'),
(38, 'fog'), (38, 'volumetric'),
(39, 'stair'), (39, 'concrete'),
(40, 'notebook'), (40, 'study'),
(41, 'cyanotype'), (41, 'pressed'),
(42, 'procedural'), (42, 'bloom'),
(43, 'window'), (43, 'winter'),
(44, 'basalt'), (44, 'mounted'),
(45, 'facade'), (45, 'civic'),
(46, 'rust'), (46, 'pour'),
(47, 'collage'), (47, 'gouache'),
(48, 'water'), (48, 'sequence'),
(49, 'plaza'), (49, 'winter'),
(50, 'still-life'), (50, 'citrus'),
(51, 'vessel'), (51, 'salt'),
(52, 'wash'), (52, 'low-key'),
(53, 'letterpress'), (53, 'vellum'),
(54, 'render'), (54, 'warm'),
(55, 'rhythm'), (55, 'panel'),
(56, 'border'), (56, 'edge'),
(57, 'shoreline'), (57, 'steel'),
(58, 'humid'), (58, 'atmosphere'),
(59, 'quilt'), (59, 'map'),
(60, 'topology'), (60, 'graph');

INSERT INTO artwork_image (id, artwork_id, image_url, sort_order, is_cover, caption, created_at) VALUES
(1,  1,  'https://upload.wikimedia.org/wikipedia/commons/thumb/e/ea/Van_Gogh_-_Starry_Night_-_Google_Art_Project.jpg/960px-Van_Gogh_-_Starry_Night_-_Google_Art_Project.jpg', 0, TRUE, 'Cover image',  CURRENT_TIMESTAMP()),
(2,  2,  'https://i.etsystatic.com/5150206/r/il/a7ebd2/5329033525/il_fullxfull.5329033525_sg3b.jpg',                                                                          0, TRUE, 'Main scan',    CURRENT_TIMESTAMP()),
(3,  3,  'https://www.publicdomainpictures.net/pictures/240000/nahled/color-gradient-background.jpg',                                                                        0, TRUE, 'Reference shot', CURRENT_TIMESTAMP()),
(4,  4,  'https://encrypted-tbn0.gstatic.com/images?q=tbn:ANd9GcRXeoCVAfeolMJiXQkv8U1H8Gxn6cRbSYsiMQ&s',                                                                     0, TRUE, 'Cover image',  CURRENT_TIMESTAMP()),
(5,  5,  'https://encrypted-tbn0.gstatic.com/images?q=tbn:ANd9GcRYzoOMG7v3sdWE74CkRShXeu3VLBuUGRcu7g&s',                                                                     0, TRUE, 'Cover image',  CURRENT_TIMESTAMP()),
(6,  6,  'https://upload.wikimedia.org/wikipedia/commons/thumb/e/ea/Van_Gogh_-_Starry_Night_-_Google_Art_Project.jpg/960px-Van_Gogh_-_Starry_Night_-_Google_Art_Project.jpg', 0, TRUE, 'Cover image',  CURRENT_TIMESTAMP()),
(7,  7,  'https://upload.wikimedia.org/wikipedia/commons/thumb/e/ea/Van_Gogh_-_Starry_Night_-_Google_Art_Project.jpg/960px-Van_Gogh_-_Starry_Night_-_Google_Art_Project.jpg', 0, TRUE, 'Cover image',  CURRENT_TIMESTAMP()),
(8,  8,  'https://encrypted-tbn0.gstatic.com/images?q=tbn:ANd9GcRXeoCVAfeolMJiXQkv8U1H8Gxn6cRbSYsiMQ&s',                                                                     0, TRUE, 'Cover image',  CURRENT_TIMESTAMP()),
(9,  9,  'https://www.publicdomainpictures.net/pictures/240000/nahled/color-gradient-background.jpg',                                                                        0, TRUE, 'Cover image',  CURRENT_TIMESTAMP()),
(10, 10, 'https://encrypted-tbn0.gstatic.com/images?q=tbn:ANd9GcRYzoOMG7v3sdWE74CkRShXeu3VLBuUGRcu7g&s',                                                                     0, TRUE, 'Cover image',  CURRENT_TIMESTAMP()),
(11, 11, 'https://i.etsystatic.com/5150206/r/il/a7ebd2/5329033525/il_fullxfull.5329033525_sg3b.jpg',                                                                          0, TRUE, 'Cover image',  CURRENT_TIMESTAMP()),
(12, 12, 'https://i.etsystatic.com/5150206/r/il/a7ebd2/5329033525/il_fullxfull.5329033525_sg3b.jpg',                                                                          0, TRUE, 'Cover image',  CURRENT_TIMESTAMP()),
(13, 13, 'https://encrypted-tbn0.gstatic.com/images?q=tbn:ANd9GcRXeoCVAfeolMJiXQkv8U1H8Gxn6cRbSYsiMQ&s',                                                                     0, TRUE, 'Cover image',  CURRENT_TIMESTAMP()),
(14, 14, 'https://www.publicdomainpictures.net/pictures/240000/nahled/color-gradient-background.jpg',                                                                        0, TRUE, 'Cover image',  CURRENT_TIMESTAMP()),
(15, 15, 'https://upload.wikimedia.org/wikipedia/commons/thumb/e/ea/Van_Gogh_-_Starry_Night_-_Google_Art_Project.jpg/960px-Van_Gogh_-_Starry_Night_-_Google_Art_Project.jpg', 0, TRUE, 'Cover image',  CURRENT_TIMESTAMP()),
(16, 16, 'https://upload.wikimedia.org/wikipedia/commons/thumb/e/ea/Van_Gogh_-_Starry_Night_-_Google_Art_Project.jpg/960px-Van_Gogh_-_Starry_Night_-_Google_Art_Project.jpg', 0, TRUE, 'Cover image',  CURRENT_TIMESTAMP()),
(17, 17, 'https://encrypted-tbn0.gstatic.com/images?q=tbn:ANd9GcRYzoOMG7v3sdWE74CkRShXeu3VLBuUGRcu7g&s',                                                                     0, TRUE, 'Cover image',  CURRENT_TIMESTAMP()),
(18, 18, 'https://www.publicdomainpictures.net/pictures/240000/nahled/color-gradient-background.jpg',                                                                        0, TRUE, 'Cover image',  CURRENT_TIMESTAMP()),
(19, 19, 'https://i.etsystatic.com/5150206/r/il/a7ebd2/5329033525/il_fullxfull.5329033525_sg3b.jpg',                                                                          0, TRUE, 'Cover image',  CURRENT_TIMESTAMP()),
(20, 20, 'https://i.etsystatic.com/5150206/r/il/a7ebd2/5329033525/il_fullxfull.5329033525_sg3b.jpg',                                                                          0, TRUE, 'Cover image',  CURRENT_TIMESTAMP()),
(21, 21, 'https://encrypted-tbn0.gstatic.com/images?q=tbn:ANd9GcRXeoCVAfeolMJiXQkv8U1H8Gxn6cRbSYsiMQ&s',                                                                     0, TRUE, 'Cover image',  CURRENT_TIMESTAMP()),
(22, 22, 'https://encrypted-tbn0.gstatic.com/images?q=tbn:ANd9GcRYzoOMG7v3sdWE74CkRShXeu3VLBuUGRcu7g&s',                                                                     0, TRUE, 'Cover image',  CURRENT_TIMESTAMP()),
(23, 23, 'https://upload.wikimedia.org/wikipedia/commons/thumb/e/ea/Van_Gogh_-_Starry_Night_-_Google_Art_Project.jpg/960px-Van_Gogh_-_Starry_Night_-_Google_Art_Project.jpg', 0, TRUE, 'Cover image',  CURRENT_TIMESTAMP()),
(24, 24, 'https://i.etsystatic.com/5150206/r/il/a7ebd2/5329033525/il_fullxfull.5329033525_sg3b.jpg',                                                                          0, TRUE, 'Cover image',  CURRENT_TIMESTAMP()),
(25, 25, 'https://www.publicdomainpictures.net/pictures/240000/nahled/color-gradient-background.jpg',                                                                        0, TRUE, 'Cover image',  CURRENT_TIMESTAMP()),
(26, 26, 'https://encrypted-tbn0.gstatic.com/images?q=tbn:ANd9GcRXeoCVAfeolMJiXQkv8U1H8Gxn6cRbSYsiMQ&s',                                                                     0, TRUE, 'Cover image',  CURRENT_TIMESTAMP()),
(27, 27, 'https://upload.wikimedia.org/wikipedia/commons/thumb/e/ea/Van_Gogh_-_Starry_Night_-_Google_Art_Project.jpg/960px-Van_Gogh_-_Starry_Night_-_Google_Art_Project.jpg', 0, TRUE, 'Cover image',  CURRENT_TIMESTAMP()),
(28, 28, 'https://encrypted-tbn0.gstatic.com/images?q=tbn:ANd9GcRYzoOMG7v3sdWE74CkRShXeu3VLBuUGRcu7g&s',                                                                     0, TRUE, 'Cover image',  CURRENT_TIMESTAMP()),
(29, 29, 'https://upload.wikimedia.org/wikipedia/commons/thumb/e/ea/Van_Gogh_-_Starry_Night_-_Google_Art_Project.jpg/960px-Van_Gogh_-_Starry_Night_-_Google_Art_Project.jpg', 0, TRUE, 'Cover image',  CURRENT_TIMESTAMP()),
(30, 30, 'https://i.etsystatic.com/5150206/r/il/a7ebd2/5329033525/il_fullxfull.5329033525_sg3b.jpg',                                                                          0, TRUE, 'Cover image',  CURRENT_TIMESTAMP()),
(31, 31, 'https://www.publicdomainpictures.net/pictures/240000/nahled/color-gradient-background.jpg',                                                                        0, TRUE, 'Cover image',  CURRENT_TIMESTAMP()),
(32, 32, 'https://encrypted-tbn0.gstatic.com/images?q=tbn:ANd9GcRXeoCVAfeolMJiXQkv8U1H8Gxn6cRbSYsiMQ&s',                                                                     0, TRUE, 'Cover image',  CURRENT_TIMESTAMP()),
(33, 33, 'https://upload.wikimedia.org/wikipedia/commons/thumb/e/ea/Van_Gogh_-_Starry_Night_-_Google_Art_Project.jpg/960px-Van_Gogh_-_Starry_Night_-_Google_Art_Project.jpg', 0, TRUE, 'Cover image',  CURRENT_TIMESTAMP()),
(34, 34, 'https://encrypted-tbn0.gstatic.com/images?q=tbn:ANd9GcRYzoOMG7v3sdWE74CkRShXeu3VLBuUGRcu7g&s',                                                                     0, TRUE, 'Cover image',  CURRENT_TIMESTAMP()),
(35, 35, 'https://www.publicdomainpictures.net/pictures/240000/nahled/color-gradient-background.jpg',                                                                        0, TRUE, 'Cover image',  CURRENT_TIMESTAMP()),
(36, 36, 'https://i.etsystatic.com/5150206/r/il/a7ebd2/5329033525/il_fullxfull.5329033525_sg3b.jpg',                                                                          0, TRUE, 'Cover image',  CURRENT_TIMESTAMP()),
(37, 37, 'https://upload.wikimedia.org/wikipedia/commons/thumb/e/ea/Van_Gogh_-_Starry_Night_-_Google_Art_Project.jpg/960px-Van_Gogh_-_Starry_Night_-_Google_Art_Project.jpg', 0, TRUE, 'Cover image',  CURRENT_TIMESTAMP()),
(38, 38, 'https://encrypted-tbn0.gstatic.com/images?q=tbn:ANd9GcRXeoCVAfeolMJiXQkv8U1H8Gxn6cRbSYsiMQ&s',                                                                     0, TRUE, 'Cover image',  CURRENT_TIMESTAMP()),
(39, 39, 'https://i.etsystatic.com/5150206/r/il/a7ebd2/5329033525/il_fullxfull.5329033525_sg3b.jpg',                                                                          0, TRUE, 'Cover image',  CURRENT_TIMESTAMP()),
(40, 40, 'https://encrypted-tbn0.gstatic.com/images?q=tbn:ANd9GcRYzoOMG7v3sdWE74CkRShXeu3VLBuUGRcu7g&s',                                                                     0, TRUE, 'Cover image',  CURRENT_TIMESTAMP()),
(41, 41, 'https://www.publicdomainpictures.net/pictures/240000/nahled/color-gradient-background.jpg',                                                                        0, TRUE, 'Cover image',  CURRENT_TIMESTAMP()),
(42, 42, 'https://encrypted-tbn0.gstatic.com/images?q=tbn:ANd9GcRXeoCVAfeolMJiXQkv8U1H8Gxn6cRbSYsiMQ&s',                                                                     0, TRUE, 'Cover image',  CURRENT_TIMESTAMP()),
(43, 43, 'https://upload.wikimedia.org/wikipedia/commons/thumb/e/ea/Van_Gogh_-_Starry_Night_-_Google_Art_Project.jpg/960px-Van_Gogh_-_Starry_Night_-_Google_Art_Project.jpg', 0, TRUE, 'Cover image',  CURRENT_TIMESTAMP()),
(44, 44, 'https://i.etsystatic.com/5150206/r/il/a7ebd2/5329033525/il_fullxfull.5329033525_sg3b.jpg',                                                                          0, TRUE, 'Cover image',  CURRENT_TIMESTAMP()),
(45, 45, 'https://upload.wikimedia.org/wikipedia/commons/thumb/e/ea/Van_Gogh_-_Starry_Night_-_Google_Art_Project.jpg/960px-Van_Gogh_-_Starry_Night_-_Google_Art_Project.jpg', 0, TRUE, 'Cover image',  CURRENT_TIMESTAMP()),
(46, 46, 'https://encrypted-tbn0.gstatic.com/images?q=tbn:ANd9GcRYzoOMG7v3sdWE74CkRShXeu3VLBuUGRcu7g&s',                                                                     0, TRUE, 'Cover image',  CURRENT_TIMESTAMP()),
(47, 47, 'https://www.publicdomainpictures.net/pictures/240000/nahled/color-gradient-background.jpg',                                                                        0, TRUE, 'Cover image',  CURRENT_TIMESTAMP()),
(48, 48, 'https://encrypted-tbn0.gstatic.com/images?q=tbn:ANd9GcRXeoCVAfeolMJiXQkv8U1H8Gxn6cRbSYsiMQ&s',                                                                     0, TRUE, 'Cover image',  CURRENT_TIMESTAMP()),
(49, 49, 'https://i.etsystatic.com/5150206/r/il/a7ebd2/5329033525/il_fullxfull.5329033525_sg3b.jpg',                                                                          0, TRUE, 'Cover image',  CURRENT_TIMESTAMP()),
(50, 50, 'https://upload.wikimedia.org/wikipedia/commons/thumb/e/ea/Van_Gogh_-_Starry_Night_-_Google_Art_Project.jpg/960px-Van_Gogh_-_Starry_Night_-_Google_Art_Project.jpg', 0, TRUE, 'Cover image',  CURRENT_TIMESTAMP()),
(51, 51, 'https://i.etsystatic.com/5150206/r/il/a7ebd2/5329033525/il_fullxfull.5329033525_sg3b.jpg',                                                                          0, TRUE, 'Cover image',  CURRENT_TIMESTAMP()),
(52, 52, 'https://encrypted-tbn0.gstatic.com/images?q=tbn:ANd9GcRYzoOMG7v3sdWE74CkRShXeu3VLBuUGRcu7g&s',                                                                     0, TRUE, 'Cover image',  CURRENT_TIMESTAMP()),
(53, 53, 'https://www.publicdomainpictures.net/pictures/240000/nahled/color-gradient-background.jpg',                                                                        0, TRUE, 'Cover image',  CURRENT_TIMESTAMP()),
(54, 54, 'https://encrypted-tbn0.gstatic.com/images?q=tbn:ANd9GcRXeoCVAfeolMJiXQkv8U1H8Gxn6cRbSYsiMQ&s',                                                                     0, TRUE, 'Cover image',  CURRENT_TIMESTAMP()),
(55, 55, 'https://upload.wikimedia.org/wikipedia/commons/thumb/e/ea/Van_Gogh_-_Starry_Night_-_Google_Art_Project.jpg/960px-Van_Gogh_-_Starry_Night_-_Google_Art_Project.jpg', 0, TRUE, 'Cover image',  CURRENT_TIMESTAMP()),
(56, 56, 'https://upload.wikimedia.org/wikipedia/commons/thumb/e/ea/Van_Gogh_-_Starry_Night_-_Google_Art_Project.jpg/960px-Van_Gogh_-_Starry_Night_-_Google_Art_Project.jpg', 0, TRUE, 'Cover image',  CURRENT_TIMESTAMP()),
(57, 57, 'https://i.etsystatic.com/5150206/r/il/a7ebd2/5329033525/il_fullxfull.5329033525_sg3b.jpg',                                                                          0, TRUE, 'Cover image',  CURRENT_TIMESTAMP()),
(58, 58, 'https://encrypted-tbn0.gstatic.com/images?q=tbn:ANd9GcRYzoOMG7v3sdWE74CkRShXeu3VLBuUGRcu7g&s',                                                                     0, TRUE, 'Cover image',  CURRENT_TIMESTAMP()),
(59, 59, 'https://www.publicdomainpictures.net/pictures/240000/nahled/color-gradient-background.jpg',                                                                        0, TRUE, 'Cover image',  CURRENT_TIMESTAMP()),
(60, 60, 'https://encrypted-tbn0.gstatic.com/images?q=tbn:ANd9GcRXeoCVAfeolMJiXQkv8U1H8Gxn6cRbSYsiMQ&s',                                                                     0, TRUE, 'Cover image',  CURRENT_TIMESTAMP());

INSERT INTO comment (id, artwork_id, author_id, text, parent_comment_id, created_at, updated_at, is_deleted) VALUES
(1, 1, 2, 'Prekrasan rad!',           NULL, CURRENT_TIMESTAMP(), CURRENT_TIMESTAMP(), FALSE),
(2, 1, 3, 'Nastavak serije?',         NULL, CURRENT_TIMESTAMP(), CURRENT_TIMESTAMP(), FALSE),
(3, 2, 1, 'Odlican kontrast i linije.', NULL, CURRENT_TIMESTAMP(), CURRENT_TIMESTAMP(), FALSE);

INSERT INTO artwork_like (id, artwork_id, user_id, created_at) VALUES
(1,  1,  2, CURRENT_TIMESTAMP()),
(2,  1,  3, CURRENT_TIMESTAMP()),
(3,  1,  4, CURRENT_TIMESTAMP()),
(4,  2,  1, CURRENT_TIMESTAMP()),
(5,  2,  3, CURRENT_TIMESTAMP()),
(6,  4,  1, CURRENT_TIMESTAMP()),
(7,  4,  5, CURRENT_TIMESTAMP()),
(8,  5,  1, CURRENT_TIMESTAMP()),
(9,  7,  6, CURRENT_TIMESTAMP()),
(10, 9,  3, CURRENT_TIMESTAMP()),
(11, 11, 1, CURRENT_TIMESTAMP()),
(12, 14, 4, CURRENT_TIMESTAMP()),
(13, 17, 6, CURRENT_TIMESTAMP()),
(14, 23, 2, CURRENT_TIMESTAMP()),
(15, 25, 1, CURRENT_TIMESTAMP());

INSERT INTO collection (id, owner_id, name, description, created_at, updated_at, is_public) VALUES
(1, 1, 'Urban Scenes',   'Street-focused sketches and photo references.',         DATEADD('DAY', -95, CURRENT_TIMESTAMP()), DATEADD('DAY', -95, CURRENT_TIMESTAMP()), TRUE),
(2, 1, 'Sunset Studies', 'Warm color palette experiments for landscape compositions.', DATEADD('DAY', -77, CURRENT_TIMESTAMP()), DATEADD('DAY', -77, CURRENT_TIMESTAMP()), FALSE),
(3, 2, 'Print Drafts',   'Mixed-media drafts prepared for print review.',         DATEADD('DAY', -40, CURRENT_TIMESTAMP()), DATEADD('DAY', -40, CURRENT_TIMESTAMP()), TRUE);

INSERT INTO collection_artwork (collection_id, artwork_id) VALUES
(1, 2),
(1, 3),
(2, 1),
(3, 3),
(3, 1);

INSERT INTO challenge (id, created_by, title, description, quote, kind, status, theme, cover_image_url, starts_at, ends_at, created_at, updated_at) VALUES
(1, 1, 'The Light of Dusk', 'Capturing the fleeting transition between day and night. We are looking for work that emphasizes long shadows, warm gradients, and the quiet melancholy of the blue hour.', 'Twilight is the crack between worlds where the light forgets its name and the shadows begin to sing.', 'FEATURED',         'ACTIVE', 'Dusk',       NULL, DATEADD('DAY', -3, CURRENT_TIMESTAMP()), DATEADD('DAY', 11, CURRENT_TIMESTAMP()), CURRENT_TIMESTAMP(), CURRENT_TIMESTAMP()),
(2, 1, 'Brutalist Forms',   'A study of raw materials and uncompromising geometry. We celebrate the beauty of concrete, steel, and the rhythm of repetitive structures in the urban landscape.',     'The architect''s task is to make life more beautiful, but also to show the strength that holds it up.', 'COMMUNITY_CHOICE', 'ACTIVE', 'Brutalism',  NULL, DATEADD('DAY', -7, CURRENT_TIMESTAMP()), DATEADD('DAY',  7, CURRENT_TIMESTAMP()), CURRENT_TIMESTAMP(), CURRENT_TIMESTAMP());

INSERT INTO challenge_submission (id, challenge_id, artwork_id, submitted_by, submitted_at) VALUES
(1,  1, 1,  1, DATEADD('HOUR',  -2, CURRENT_TIMESTAMP())),
(2,  1, 7,  1, DATEADD('HOUR',  -5, CURRENT_TIMESTAMP())),
(3,  1, 5,  5, DATEADD('HOUR',  -8, CURRENT_TIMESTAMP())),
(4,  1, 4,  4, DATEADD('HOUR', -12, CURRENT_TIMESTAMP())),
(5,  1, 3,  3, DATEADD('HOUR', -20, CURRENT_TIMESTAMP())),
(6,  1, 8,  4, DATEADD('HOUR', -26, CURRENT_TIMESTAMP())),
(7,  2, 6,  6, DATEADD('HOUR',  -1, CURRENT_TIMESTAMP())),
(8,  2, 2,  2, DATEADD('HOUR',  -6, CURRENT_TIMESTAMP())),
(9,  2, 4,  4, DATEADD('HOUR', -14, CURRENT_TIMESTAMP())),
(10, 2, 1,  1, DATEADD('HOUR', -22, CURRENT_TIMESTAMP())),
(11, 2, 5,  5, DATEADD('HOUR', -30, CURRENT_TIMESTAMP()));

ALTER TABLE app_user             ALTER COLUMN id RESTART WITH 100;
ALTER TABLE authority            ALTER COLUMN id RESTART WITH 100;
ALTER TABLE artwork              ALTER COLUMN id RESTART WITH 100;
ALTER TABLE artwork_image        ALTER COLUMN id RESTART WITH 100;
ALTER TABLE comment              ALTER COLUMN id RESTART WITH 100;
ALTER TABLE artwork_like         ALTER COLUMN id RESTART WITH 100;
ALTER TABLE collection           ALTER COLUMN id RESTART WITH 100;
ALTER TABLE challenge            ALTER COLUMN id RESTART WITH 100;
ALTER TABLE challenge_submission ALTER COLUMN id RESTART WITH 100;
