INSERT INTO app_user (id, username, email, password_hash, display_name, slug, bio, avatar_url, created_at, updated_at) VALUES
(1, 'mateo', 'mateo@artdrop.local', '$2a$12$tH7pooqJ6HwmVbo0zHY/GOb5tt9vc.MllMqVBqiRMdXjCZpN101nK', 'Mateo', 'mateo', 'Abstract painter exploring light and texture.', 'https://i.pravatar.cc/160?img=67', CURRENT_TIMESTAMP(), CURRENT_TIMESTAMP()),
(2, 'user', 'user@artdrop.local', '$2a$12$tH7pooqJ6HwmVbo0zHY/GOb5tt9vc.MllMqVBqiRMdXjCZpN101nK', 'Julian Vane', 'julian-vane', 'Sculptor working in matte clay and bronze.', 'https://i.pravatar.cc/160?img=12', CURRENT_TIMESTAMP(), CURRENT_TIMESTAMP()),
(3, 'sarah', 'sarah@artdrop.local', '$2a$12$tH7pooqJ6HwmVbo0zHY/GOb5tt9vc.MllMqVBqiRMdXjCZpN101nK', 'Sarah Millay', 'sarah-millay', 'Mixed media artist based in Lisbon.', 'https://i.pravatar.cc/160?img=32', CURRENT_TIMESTAMP(), CURRENT_TIMESTAMP()),
(4, 'marc', 'marc@artdrop.local', '$2a$12$tH7pooqJ6HwmVbo0zHY/GOb5tt9vc.MllMqVBqiRMdXjCZpN101nK', 'Marc Zheng', 'marc-zheng', '3D artist rendering tactile virtual surfaces.', 'https://i.pravatar.cc/160?img=15', CURRENT_TIMESTAMP(), CURRENT_TIMESTAMP()),
(5, 'claire', 'claire@artdrop.local', '$2a$12$tH7pooqJ6HwmVbo0zHY/GOb5tt9vc.MllMqVBqiRMdXjCZpN101nK', 'Claire Durand', 'claire-durand', 'Heavy body acrylic pours and color theory studies.', 'https://i.pravatar.cc/160?img=49', CURRENT_TIMESTAMP(), CURRENT_TIMESTAMP()),
(6, 'thomas', 'thomas@artdrop.local', '$2a$12$tH7pooqJ6HwmVbo0zHY/GOb5tt9vc.MllMqVBqiRMdXjCZpN101nK', 'Thomas Reade', 'thomas-reade', 'Architectural photographer, silver gelatin prints.', 'https://i.pravatar.cc/160?img=8', CURRENT_TIMESTAMP(), CURRENT_TIMESTAMP());
-- all seeded users have password: admin6060

INSERT INTO authority (id, name) VALUES
(1, 'ROLE_ADMIN'),
(2, 'ROLE_USER'),
(3, 'ROLE_SELLER');

INSERT INTO user_authority (user_id, authority_id) VALUES
(1, 1),
(1, 2),
(2, 2),
(3, 2),
(4, 2),
(5, 2),
(6, 2);

INSERT INTO artwork (id, author_id, title, medium, description, width_value, height_value, depth_value, dimension_unit, price, progress_status, sale_status, published_at, created_at, updated_at) VALUES
(1,  1, 'Recursive Halos',       'Digital',     'Concentric ring composition rendered in four passes - slow caustics over matte plates.',                NULL,  NULL,  NULL, NULL,   580.00, 'FINISHED', 'EDITION',   DATEADD('DAY',  -2, CURRENT_TIMESTAMP()), CURRENT_TIMESTAMP(), CURRENT_TIMESTAMP()),
(2,  1, 'Soft Velocity',         'Digital',     'Octane render exploring tactile virtual light surfaces. Four-frame loop in a single warm key.',         NULL,  NULL,  NULL, NULL,   850.00, 'FINISHED', 'AVAILABLE', DATEADD('DAY',  -5, CURRENT_TIMESTAMP()), CURRENT_TIMESTAMP(), CURRENT_TIMESTAMP()),
(3,  1, 'Layered Spectrum',      'Digital',     'Generative gradient triptych. Each pass shifts the same field through a different hue rotation.',        NULL,  NULL,  NULL, NULL,   460.00, 'FINISHED', 'EDITION',   DATEADD('DAY',  -9, CURRENT_TIMESTAMP()), CURRENT_TIMESTAMP(), CURRENT_TIMESTAMP()),
(4,  2, 'Hand Studies',          'Sculpture',   'Series of cast-clay hand fragments. Documenting the moment of grasp across four small forms.',           18.00, 22.00, 14.00, 'CM',  1480.00, 'FINISHED', 'ORIGINAL',  DATEADD('DAY', -12, CURRENT_TIMESTAMP()), CURRENT_TIMESTAMP(), CURRENT_TIMESTAMP()),
(5,  2, 'Roman Fragments',       'Oil',         'Two oil studies on canvas inspired by an autumn week in Rome.',                                          50.00, 70.00,  NULL, 'CM',   980.00, 'FINISHED', 'AVAILABLE', DATEADD('DAY', -15, CURRENT_TIMESTAMP()), CURRENT_TIMESTAMP(), CURRENT_TIMESTAMP()),
(6,  2, 'Salon Portraits',       'Painting',    'Four figure studies referencing classical European salon work, in the artist''s own muted palette.',     60.00, 80.00,  NULL, 'CM',  2200.00, 'FINISHED', 'ORIGINAL',  DATEADD('DAY', -18, CURRENT_TIMESTAMP()), CURRENT_TIMESTAMP(), CURRENT_TIMESTAMP()),
(7,  3, 'Pink Velocity',         'Acrylic',     'Heavy-body acrylic pours, five canvases capturing a single afternoon of fluid color tests.',           100.00, 120.00, NULL, 'CM',  1750.00, 'FINISHED', 'AVAILABLE', DATEADD('DAY', -21, CURRENT_TIMESTAMP()), CURRENT_TIMESTAMP(), CURRENT_TIMESTAMP()),
(8,  3, 'Tidal Patterns',        'Acrylic',     'Two-canvas study in cool-key acrylic - color theory work over rust-treated linen.',                     90.00, 110.00, NULL, 'CM',  1280.00, 'FINISHED', 'ORIGINAL',  DATEADD('DAY', -25, CURRENT_TIMESTAMP()), CURRENT_TIMESTAMP(), CURRENT_TIMESTAMP()),
(9,  3, 'Lines of Red',          'Mixed Media', 'Mixed-media triptych using a single repeating red mark across three different substrates.',             40.00, 60.00,  NULL, 'CM',     NULL, 'WIP',      NULL,        DATEADD('DAY', -28, CURRENT_TIMESTAMP()), CURRENT_TIMESTAMP(), CURRENT_TIMESTAMP()),
(10, 4, 'Studio Pawel',          'Mixed Media', 'Four-panel studio diary - collage, pencil, and gouache assembled over a single working week.',          50.00, 65.00,  NULL, 'CM',   720.00, 'FINISHED', 'EDITION',   DATEADD('DAY', -32, CURRENT_TIMESTAMP()), CURRENT_TIMESTAMP(), CURRENT_TIMESTAMP()),
(11, 4, 'Vector Edition',        'Digital',     'Single-frame vector composition exploring overlapping geometric primitives.',                            NULL,  NULL,  NULL, NULL,   220.00, 'FINISHED', 'EDITION',   DATEADD('DAY', -35, CURRENT_TIMESTAMP()), CURRENT_TIMESTAMP(), CURRENT_TIMESTAMP()),
(12, 4, 'Frozen Light',          'Photography', 'Single available-light portrait taken in a winter studio session.',                                      40.00, 50.00,  NULL, 'CM',   320.00, 'FINISHED', 'EDITION',   DATEADD('DAY', -38, CURRENT_TIMESTAMP()), CURRENT_TIMESTAMP(), CURRENT_TIMESTAMP()),
(13, 5, 'Field of Poppies',      'Photography', 'Botanical field photography - four exposures across a single late-spring afternoon.',                    50.00, 75.00,  NULL, 'CM',   680.00, 'FINISHED', 'EDITION',   DATEADD('DAY', -42, CURRENT_TIMESTAMP()), CURRENT_TIMESTAMP(), CURRENT_TIMESTAMP()),
(14, 5, 'Lake Studies',          'Photography', 'Three landscape exposures of a single inland lake at different hours of the day.',                       40.00, 60.00,  NULL, 'CM',   540.00, 'FINISHED', 'EDITION',   DATEADD('DAY', -46, CURRENT_TIMESTAMP()), CURRENT_TIMESTAMP(), CURRENT_TIMESTAMP()),
(15, 6, 'Architectural Shadows', 'Photography', 'Three silver gelatin prints. A study of poured-concrete stairwells in early-morning fog.',               40.00, 50.00,  NULL, 'CM',   620.00, 'FINISHED', 'EDITION',   DATEADD('DAY', -50, CURRENT_TIMESTAMP()), CURRENT_TIMESTAMP(), CURRENT_TIMESTAMP()),
(16, 6, 'Te Papa Interior',      'Photography', 'Three interior photographs of the Museum of New Zealand. Light through architectural openings.',         50.00, 70.00,  NULL, 'CM',   790.00, 'FINISHED', 'EDITION',   DATEADD('DAY', -55, CURRENT_TIMESTAMP()), CURRENT_TIMESTAMP(), CURRENT_TIMESTAMP()),
(17, 6, 'Dubrovnik Stones',      'Photography', 'Two travel exposures from the city walls - limestone surfaces in late afternoon.',                       40.00, 50.00,  NULL, 'CM',   460.00, 'FINISHED', 'EDITION',   DATEADD('DAY', -60, CURRENT_TIMESTAMP()), CURRENT_TIMESTAMP(), CURRENT_TIMESTAMP()),
(18, 6, 'Beach Geometry',        'Photography', 'Coastal series - three exposures of repeating shoreline forms taken on a single morning.',               50.00, 75.00,  NULL, 'CM',     NULL, 'FINISHED', NULL,        DATEADD('DAY', -65, CURRENT_TIMESTAMP()), CURRENT_TIMESTAMP(), CURRENT_TIMESTAMP()),
(19, 3, 'Halo Variation', 'Digital', 'Companion plate to Recursive Halos rendered in a cooler key.', NULL, NULL, NULL, NULL, NULL, 'FINISHED', NULL, DATEADD('DAY', -70, CURRENT_TIMESTAMP()), CURRENT_TIMESTAMP(), CURRENT_TIMESTAMP()),
(20, 6, 'Halo Print', 'Digital', 'Single-edition print of the Halo render at archival paper weight.', NULL, NULL, NULL, NULL, 420.00, 'FINISHED', 'EDITION', DATEADD('DAY', -72, CURRENT_TIMESTAMP()), CURRENT_TIMESTAMP(), CURRENT_TIMESTAMP()),
(21, 5, 'Velocity Reframe', 'Digital', 'A reframing of the Soft Velocity sequence with longer exposure passes.', NULL, NULL, NULL, NULL, NULL, 'WIP', NULL, DATEADD('DAY', -74, CURRENT_TIMESTAMP()), CURRENT_TIMESTAMP(), CURRENT_TIMESTAMP()),
(22, 4, 'Velocity Cropped', 'Digital', 'Tight crops from the Soft Velocity render - square edition for print.', NULL, NULL, NULL, NULL, 380.00, 'FINISHED', 'EDITION', DATEADD('DAY', -77, CURRENT_TIMESTAMP()), CURRENT_TIMESTAMP(), CURRENT_TIMESTAMP()),
(23, 2, 'Spectrum Edition', 'Digital', 'Edition variant of Layered Spectrum, output to large-format paper.', NULL, NULL, NULL, NULL, 510.00, 'FINISHED', 'EDITION', DATEADD('DAY', -80, CURRENT_TIMESTAMP()), CURRENT_TIMESTAMP(), CURRENT_TIMESTAMP()),
(24, 6, 'Hand Print', 'Sculpture', 'Documentary photo edition of the Hand Studies series. Limited to 12.', 40.00, 50.00, NULL, 'CM', 320.00, 'FINISHED', 'EDITION', DATEADD('DAY', -84, CURRENT_TIMESTAMP()), CURRENT_TIMESTAMP(), CURRENT_TIMESTAMP()),
(25, 4, 'Cast in Bronze', 'Sculpture', 'Bronze-cast variations of two of the original clay studies. One-of-a-kind pieces.', 22.00, 28.00, 18.00, 'CM', 2200.00, 'FINISHED', 'ORIGINAL', DATEADD('DAY', -88, CURRENT_TIMESTAMP()), CURRENT_TIMESTAMP(), CURRENT_TIMESTAMP()),
(26, 1, 'Rome Studies', 'Oil', 'Three smaller oil studies extending the Roman Fragments suite.', 40.00, 55.00, NULL, 'CM', 780.00, 'FINISHED', 'AVAILABLE', DATEADD('DAY', -92, CURRENT_TIMESTAMP()), CURRENT_TIMESTAMP(), CURRENT_TIMESTAMP()),
(27, 3, 'Salon Reframe', 'Painting', 'Selected figure studies from Salon Portraits, repainted at half scale.', 50.00, 70.00, NULL, 'CM', 1450.00, 'FINISHED', 'ORIGINAL', DATEADD('DAY', -95, CURRENT_TIMESTAMP()), CURRENT_TIMESTAMP(), CURRENT_TIMESTAMP()),
(28, 5, 'Velocity Print', 'Acrylic', 'Print suite from the Pink Velocity originals. Five matched sheets.', 80.00, 100.00, NULL, 'CM', 860.00, 'FINISHED', 'EDITION', DATEADD('DAY', -98, CURRENT_TIMESTAMP()), CURRENT_TIMESTAMP(), CURRENT_TIMESTAMP()),
(29, 4, 'Splash Triptych', 'Acrylic', 'Triptych selection from the Pink Velocity pours, mounted side by side.', 120.00, 150.00, NULL, 'CM', 1980.00, 'FINISHED', 'ORIGINAL', DATEADD('DAY', -102, CURRENT_TIMESTAMP()), CURRENT_TIMESTAMP(), CURRENT_TIMESTAMP()),
(30, 6, 'Pattern Edition', 'Acrylic', 'Edition print of Tidal Patterns. Cool-key palette on archival rag.', 60.00, 80.00, NULL, 'CM', 480.00, 'FINISHED', 'EDITION', DATEADD('DAY', -105, CURRENT_TIMESTAMP()), CURRENT_TIMESTAMP(), CURRENT_TIMESTAMP()),
(31, 1, 'Red Lines II', 'Mixed Media', 'Continuation of the Lines of Red sequence. Same red, different substrates.', 40.00, 60.00, NULL, 'CM', NULL, 'WIP', NULL, DATEADD('DAY', -108, CURRENT_TIMESTAMP()), CURRENT_TIMESTAMP(), CURRENT_TIMESTAMP()),
(32, 2, 'Pawel Folio', 'Mixed Media', 'Hand-bound folio drawn from the Studio Pawel diary pages.', 25.00, 35.00, NULL, 'CM', 640.00, 'FINISHED', 'EDITION', DATEADD('DAY', -112, CURRENT_TIMESTAMP()), CURRENT_TIMESTAMP(), CURRENT_TIMESTAMP()),
(33, 5, 'Pawel Print', 'Mixed Media', 'Selected pages from Studio Pawel, output as archival giclee.', 40.00, 50.00, NULL, 'CM', 380.00, 'FINISHED', 'EDITION', DATEADD('DAY', -115, CURRENT_TIMESTAMP()), CURRENT_TIMESTAMP(), CURRENT_TIMESTAMP()),
(34, 3, 'Vector Print', 'Digital', 'Print run of the Vector Edition composition. 30-edition.', NULL, NULL, NULL, NULL, 160.00, 'FINISHED', 'EDITION', DATEADD('DAY', -118, CURRENT_TIMESTAMP()), CURRENT_TIMESTAMP(), CURRENT_TIMESTAMP()),
(35, 6, 'Frozen Frame', 'Photography', 'Reprint of Frozen Light at larger scale on cotton paper.', 60.00, 80.00, NULL, 'CM', 460.00, 'FINISHED', 'EDITION', DATEADD('DAY', -122, CURRENT_TIMESTAMP()), CURRENT_TIMESTAMP(), CURRENT_TIMESTAMP()),
(36, 3, 'Poppies Reprint', 'Photography', 'Limited edition reprint of the Field of Poppies series.', 50.00, 75.00, NULL, 'CM', 720.00, 'FINISHED', 'EDITION', DATEADD('DAY', -125, CURRENT_TIMESTAMP()), CURRENT_TIMESTAMP(), CURRENT_TIMESTAMP()),
(37, 6, 'Poppies Suite', 'Photography', 'Four-print boxed suite from the Field of Poppies negatives.', 40.00, 60.00, NULL, 'CM', 1180.00, 'FINISHED', 'ORIGINAL', DATEADD('DAY', -128, CURRENT_TIMESTAMP()), CURRENT_TIMESTAMP(), CURRENT_TIMESTAMP()),
(38, 1, 'Lake at Dawn', 'Photography', 'Single-print sister edition to Lake Studies. Captured at first light.', 50.00, 70.00, NULL, 'CM', NULL, 'FINISHED', NULL, DATEADD('DAY', -132, CURRENT_TIMESTAMP()), CURRENT_TIMESTAMP(), CURRENT_TIMESTAMP()),
(39, 2, 'Lake Studies II', 'Photography', 'Continuation of the Lake Studies sequence with cooler tonality.', 40.00, 60.00, NULL, 'CM', 590.00, 'FINISHED', 'EDITION', DATEADD('DAY', -136, CURRENT_TIMESTAMP()), CURRENT_TIMESTAMP(), CURRENT_TIMESTAMP()),
(40, 1, 'Concrete Reprint', 'Photography', 'Smaller-format reprint of the Architectural Shadows series.', 30.00, 40.00, NULL, 'CM', 320.00, 'FINISHED', 'EDITION', DATEADD('DAY', -140, CURRENT_TIMESTAMP()), CURRENT_TIMESTAMP(), CURRENT_TIMESTAMP()),
(41, 3, 'Shadow Edition', 'Photography', 'Edition print pulled from the same negatives as Architectural Shadows.', 50.00, 70.00, NULL, 'CM', 680.00, 'FINISHED', 'EDITION', DATEADD('DAY', -144, CURRENT_TIMESTAMP()), CURRENT_TIMESTAMP(), CURRENT_TIMESTAMP()),
(42, 5, 'Te Papa II', 'Photography', 'Second sequence inside Te Papa Tongarewa. Different rooms, same light.', 50.00, 70.00, NULL, 'CM', 790.00, 'FINISHED', 'EDITION', DATEADD('DAY', -148, CURRENT_TIMESTAMP()), CURRENT_TIMESTAMP(), CURRENT_TIMESTAMP()),
(43, 2, 'Te Papa Print', 'Photography', 'Single-print edition pulled from the Te Papa series.', 40.00, 55.00, NULL, 'CM', 460.00, 'FINISHED', 'EDITION', DATEADD('DAY', -151, CURRENT_TIMESTAMP()), CURRENT_TIMESTAMP(), CURRENT_TIMESTAMP()),
(44, 4, 'Stones II', 'Photography', 'Continuation of Dubrovnik Stones. Same wall, different hour.', 40.00, 50.00, NULL, 'CM', NULL, 'WIP', NULL, DATEADD('DAY', -154, CURRENT_TIMESTAMP()), CURRENT_TIMESTAMP(), CURRENT_TIMESTAMP()),
(45, 1, 'Coast Edition', 'Photography', 'Edition reprint of Beach Geometry pulled at smaller scale.', 40.00, 60.00, NULL, 'CM', 400.00, 'FINISHED', 'EDITION', DATEADD('DAY', -158, CURRENT_TIMESTAMP()), CURRENT_TIMESTAMP(), CURRENT_TIMESTAMP()),
(46, 3, 'Beach Triptych', 'Photography', 'Three matched prints from Beach Geometry sold as a single suite.', 50.00, 75.00, NULL, 'CM', 980.00, 'FINISHED', 'ORIGINAL', DATEADD('DAY', -162, CURRENT_TIMESTAMP()), CURRENT_TIMESTAMP(), CURRENT_TIMESTAMP()),
(47, 2, 'Rings II', 'Digital', 'Larger-format reissue of Recursive Halos with denser concentric passes.', NULL, NULL, NULL, NULL, 540.00, 'FINISHED', 'EDITION', DATEADD('DAY', -166, CURRENT_TIMESTAMP()), CURRENT_TIMESTAMP(), CURRENT_TIMESTAMP()),
(48, 3, 'Hand Edition', 'Sculpture', 'Open-edition cast of the smallest Hand Studies form.', 12.00, 15.00, 10.00, 'CM', 420.00, 'FINISHED', 'EDITION', DATEADD('DAY', -170, CURRENT_TIMESTAMP()), CURRENT_TIMESTAMP(), CURRENT_TIMESTAMP()),
(49, 1, 'Pink II', 'Acrylic', 'Sister piece to Pink Velocity using a cooler chord and slower drying time.', 90.00, 120.00, NULL, 'CM', NULL, 'WIP', NULL, DATEADD('DAY', -174, CURRENT_TIMESTAMP()), CURRENT_TIMESTAMP(), CURRENT_TIMESTAMP()),
(50, 6, 'Field Edition', 'Photography', 'Edition print of the Field of Poppies cover image. Archival paper.', 50.00, 70.00, NULL, 'CM', 480.00, 'FINISHED', 'EDITION', DATEADD('DAY', -178, CURRENT_TIMESTAMP()), CURRENT_TIMESTAMP(), CURRENT_TIMESTAMP());

INSERT INTO artwork_tags (artwork_id, tag) VALUES
(1,  'digital'),     (1,  '3d'),         (1,  'rings'),
(2,  'render'),      (2,  'octane'),     (2,  'light'),
(3,  'gradient'),    (3,  'generative'), (3,  'triptych'),
(4,  'sculpture'),   (4,  'cast'),       (4,  'series'),
(5,  'oil'),         (5,  'rome'),       (5,  'study'),
(6,  'painting'),    (6,  'figurative'), (6,  'salon'),
(7,  'acrylic'),     (7,  'pour'),       (7,  'fluid'),
(8,  'acrylic'),     (8,  'tidal'),      (8,  'color'),
(9,  'mixed-media'), (9,  'red'),        (9,  'minimal'),
(10, 'mixed-media'), (10, 'collage'),    (10, 'studio'),
(11, 'vector'),      (11, 'geometric'),
(12, 'photo'),       (12, 'portrait'),   (12, 'studio'),
(13, 'photo'),       (13, 'botanical'),  (13, 'field'),
(14, 'photo'),       (14, 'landscape'),  (14, 'lake'),
(15, 'photo'),       (15, 'silver-gelatin'), (15, 'architecture'),
(16, 'photo'),       (16, 'museum'),     (16, 'interior'),
(17, 'photo'),       (17, 'travel'),     (17, 'dubrovnik'),
(18, 'photo'),       (18, 'coast'),      (18, 'geometry'),
(19, 'digital'), (19, 'render'), (19, 'series'),
(20, 'digital'), (20, 'render'), (20, 'edition'),
(21, 'digital'), (21, 'render'), (21, 'series'),
(22, 'digital'), (22, 'render'), (22, 'edition'),
(23, 'digital'), (23, 'render'), (23, 'edition'),
(24, 'sculpture'), (24, 'cast'), (24, 'edition'),
(25, 'sculpture'), (25, 'cast'), (25, 'series'),
(26, 'oil'), (26, 'study'), (26, 'series'),
(27, 'painting'), (27, 'figurative'), (27, 'series'),
(28, 'acrylic'), (28, 'pour'), (28, 'edition'),
(29, 'acrylic'), (29, 'pour'), (29, 'series'),
(30, 'acrylic'), (30, 'pour'), (30, 'edition'),
(31, 'mixed-media'), (31, 'collage'), (31, 'series'),
(32, 'mixed-media'), (32, 'collage'), (32, 'edition'),
(33, 'mixed-media'), (33, 'collage'), (33, 'edition'),
(34, 'digital'), (34, 'render'), (34, 'edition'),
(35, 'photo'), (35, 'print'), (35, 'edition'),
(36, 'photo'), (36, 'print'), (36, 'edition'),
(37, 'photo'), (37, 'print'), (37, 'series'),
(38, 'photo'), (38, 'print'), (38, 'series'),
(39, 'photo'), (39, 'print'), (39, 'edition'),
(40, 'photo'), (40, 'print'), (40, 'edition'),
(41, 'photo'), (41, 'print'), (41, 'edition'),
(42, 'photo'), (42, 'print'), (42, 'edition'),
(43, 'photo'), (43, 'print'), (43, 'edition'),
(44, 'photo'), (44, 'print'), (44, 'series'),
(45, 'photo'), (45, 'print'), (45, 'edition'),
(46, 'photo'), (46, 'print'), (46, 'series'),
(47, 'digital'), (47, 'render'), (47, 'edition'),
(48, 'sculpture'), (48, 'cast'), (48, 'edition'),
(49, 'acrylic'), (49, 'pour'), (49, 'series'),
(50, 'photo'), (50, 'print'), (50, 'edition');

INSERT INTO artwork_image (id, artwork_id, public_id, sort_order, is_cover, caption, created_at) VALUES
-- Artwork 1: Recursive Halos (4 imgs)
(1,  1,  '3d-circle-1_mgarer', 0, TRUE,  NULL, CURRENT_TIMESTAMP()),
(2,  1,  '3d-circle-2_fgglbc', 1, FALSE, NULL, CURRENT_TIMESTAMP()),
(3,  1,  '3d-circle-3_tujxfo', 2, FALSE, NULL, CURRENT_TIMESTAMP()),
(4,  1,  '3d-circle-4_d7fk5n', 3, FALSE, NULL, CURRENT_TIMESTAMP()),
-- Artwork 2: Soft Velocity (4 imgs)
(5,  2,  'max-3d-1_kqqfrn',    0, TRUE,  NULL, CURRENT_TIMESTAMP()),
(6,  2,  'max-3d-2_jl7chm',    1, FALSE, NULL, CURRENT_TIMESTAMP()),
(7,  2,  'max-3d-3_f4osqu',    2, FALSE, NULL, CURRENT_TIMESTAMP()),
(8,  2,  'max-3d-4_xrgwz8',    3, FALSE, NULL, CURRENT_TIMESTAMP()),
-- Artwork 3: Layered Spectrum (3 imgs)
(9,  3,  'premium-digital-1_lxhj03', 0, TRUE,  NULL, CURRENT_TIMESTAMP()),
(10, 3,  'premium-digital-2_pnr0vp', 1, FALSE, NULL, CURRENT_TIMESTAMP()),
(11, 3,  'premium-digital-3_z2npnh', 2, FALSE, NULL, CURRENT_TIMESTAMP()),
-- Artwork 4: Hand Studies (4 imgs)
(12, 4,  'icarius-hand-1_jw03vm', 0, TRUE,  NULL, CURRENT_TIMESTAMP()),
(13, 4,  'icarius-hand-2_hskbog', 1, FALSE, NULL, CURRENT_TIMESTAMP()),
(14, 4,  'icarius-hand-3_gxo3dt', 2, FALSE, NULL, CURRENT_TIMESTAMP()),
(15, 4,  'icarius-hand-4_kjgx8l', 3, FALSE, NULL, CURRENT_TIMESTAMP()),
-- Artwork 5: Roman Fragments (2 imgs)
(16, 5,  'rome-oil-on-canvas-1_dgkbmr', 0, TRUE,  NULL, CURRENT_TIMESTAMP()),
(17, 5,  'rome-oil-on-canvas-2_nrmdks', 1, FALSE, NULL, CURRENT_TIMESTAMP()),
-- Artwork 6: Salon Portraits (4 imgs)
(18, 6,  'europeana-1_klalak', 0, TRUE,  NULL, CURRENT_TIMESTAMP()),
(19, 6,  'europeana-2_h6sjja', 1, FALSE, NULL, CURRENT_TIMESTAMP()),
(20, 6,  'europeana-3_ohhkjv', 2, FALSE, NULL, CURRENT_TIMESTAMP()),
(21, 6,  'europeana-4_utzhol', 3, FALSE, NULL, CURRENT_TIMESTAMP()),
-- Artwork 7: Pink Velocity (5 imgs)
(22, 7,  'pink-splash-1_yvoo3b', 0, TRUE,  NULL, CURRENT_TIMESTAMP()),
(23, 7,  'pink-splash-2_fsdz6j', 1, FALSE, NULL, CURRENT_TIMESTAMP()),
(24, 7,  'pink-splash-3_roliot', 2, FALSE, NULL, CURRENT_TIMESTAMP()),
(25, 7,  'pink-splash-4_z1hygr', 3, FALSE, NULL, CURRENT_TIMESTAMP()),
(26, 7,  'pink-splash-5_g8hjfv', 4, FALSE, NULL, CURRENT_TIMESTAMP()),
-- Artwork 8: Tidal Patterns (2 imgs)
(27, 8,  'blue-green-pattern-1_i3ment', 0, TRUE,  NULL, CURRENT_TIMESTAMP()),
(28, 8,  'blue-green-pattern-2_nrmu3o', 1, FALSE, NULL, CURRENT_TIMESTAMP()),
-- Artwork 9: Lines of Red (3 imgs)
(29, 9,  'line-of-red-2_abkphw', 0, TRUE,  NULL, CURRENT_TIMESTAMP()),
(30, 9,  'line-of-red-3_el9dln', 1, FALSE, NULL, CURRENT_TIMESTAMP()),
(31, 9,  'line-of-red-4_pgmfvf', 2, FALSE, NULL, CURRENT_TIMESTAMP()),
-- Artwork 10: Studio Pawel (4 imgs)
(32, 10, 'pawel-1_dtb9qg', 0, TRUE,  NULL, CURRENT_TIMESTAMP()),
(33, 10, 'pawel-2_yd59ej', 1, FALSE, NULL, CURRENT_TIMESTAMP()),
(34, 10, 'pawel-3_an40yl', 2, FALSE, NULL, CURRENT_TIMESTAMP()),
(35, 10, 'pawel-4_wn0kbb', 3, FALSE, NULL, CURRENT_TIMESTAMP()),
-- Artwork 11: Vector Edition (1 img)
(36, 11, 'premium_vector-1_qrsab8', 0, TRUE,  NULL, CURRENT_TIMESTAMP()),
-- Artwork 12: Frozen Light (1 img)
(37, 12, 'julia-taubitz-81LgM1oIn8E-unsplash_1_clf9zr', 0, TRUE, NULL, CURRENT_TIMESTAMP()),
-- Artwork 13: Field of Poppies (4 imgs)
(38, 13, 'enrico-poppies-photo-1_z7vihb', 0, TRUE,  NULL, CURRENT_TIMESTAMP()),
(39, 13, 'enrico-poppies-photo-2_vzfitc', 1, FALSE, NULL, CURRENT_TIMESTAMP()),
(40, 13, 'enrico-poppies-photo-3_iypjl1', 2, FALSE, NULL, CURRENT_TIMESTAMP()),
(41, 13, 'enrico-poppies-photo-4_i1swcf', 3, FALSE, NULL, CURRENT_TIMESTAMP()),
-- Artwork 14: Lake Studies (3 imgs)
(42, 14, 'aneta-lake-photo-1_yqqvoe', 0, TRUE,  NULL, CURRENT_TIMESTAMP()),
(43, 14, 'aneta-lake-photo-3_ynwcrb', 1, FALSE, NULL, CURRENT_TIMESTAMP()),
(44, 14, 'aneta-lake-photo-4_t20tzq', 2, FALSE, NULL, CURRENT_TIMESTAMP()),
-- Artwork 15: Architectural Shadows (3 imgs)
(45, 15, 'henrik-donnestad-Lkpax1rj1No-unsplash_s3uv9w', 0, TRUE,  NULL, CURRENT_TIMESTAMP()),
(46, 15, 'henrik-donnestad-HO1Evlp1p1o-unsplash_prnzfj', 1, FALSE, NULL, CURRENT_TIMESTAMP()),
(47, 15, 'henrik-donnestad-t2Sai-AqIpI-unsplash_ccvtol', 2, FALSE, NULL, CURRENT_TIMESTAMP()),
-- Artwork 16: Te Papa Interior (3 imgs)
(48, 16, 'museum-of-new-zealand-te-papa-tongarewa-1_vswaeq',                  0, TRUE,  NULL, CURRENT_TIMESTAMP()),
(49, 16, 'museum-of-new-zealand-te-papa-tongarewa-2_ezdiox',                  1, FALSE, NULL, CURRENT_TIMESTAMP()),
(50, 16, 'museum-of-new-zealand-te-papa-tongarewa-BDIFEWEqcKU-unsplash_kqcnq3', 2, FALSE, NULL, CURRENT_TIMESTAMP()),
-- Artwork 17: Dubrovnik Stones (2 imgs)
(51, 17, 'dubrovnik-photography-1_zaxe7l', 0, TRUE,  NULL, CURRENT_TIMESTAMP()),
(52, 17, 'dubrovnik-photography-2_hpjesr', 1, FALSE, NULL, CURRENT_TIMESTAMP()),
-- Artwork 18: Beach Geometry (3 imgs)
(53, 18, 'shifaaz-beack-1_v4pgz0', 0, TRUE,  NULL, CURRENT_TIMESTAMP()),
(54, 18, 'shifaaz-beack-2_jrskjd', 1, FALSE, NULL, CURRENT_TIMESTAMP()),
(55, 18, 'shifaaz-beack-3_qxyxlj', 2, FALSE, NULL, CURRENT_TIMESTAMP()),
-- Artworks 19-50 reuse the same image series with different metadata
(56, 19, '3d-circle-1_mgarer', 0, TRUE, NULL, CURRENT_TIMESTAMP()),
(57, 19, '3d-circle-2_fgglbc', 1, FALSE, NULL, CURRENT_TIMESTAMP()),
(58, 19, '3d-circle-3_tujxfo', 2, FALSE, NULL, CURRENT_TIMESTAMP()),
(59, 19, '3d-circle-4_d7fk5n', 3, FALSE, NULL, CURRENT_TIMESTAMP()),
(60, 20, '3d-circle-1_mgarer', 0, TRUE, NULL, CURRENT_TIMESTAMP()),
(61, 20, '3d-circle-2_fgglbc', 1, FALSE, NULL, CURRENT_TIMESTAMP()),
(62, 20, '3d-circle-3_tujxfo', 2, FALSE, NULL, CURRENT_TIMESTAMP()),
(63, 20, '3d-circle-4_d7fk5n', 3, FALSE, NULL, CURRENT_TIMESTAMP()),
(64, 21, 'max-3d-1_kqqfrn', 0, TRUE, NULL, CURRENT_TIMESTAMP()),
(65, 21, 'max-3d-2_jl7chm', 1, FALSE, NULL, CURRENT_TIMESTAMP()),
(66, 21, 'max-3d-3_f4osqu', 2, FALSE, NULL, CURRENT_TIMESTAMP()),
(67, 21, 'max-3d-4_xrgwz8', 3, FALSE, NULL, CURRENT_TIMESTAMP()),
(68, 22, 'max-3d-1_kqqfrn', 0, TRUE, NULL, CURRENT_TIMESTAMP()),
(69, 22, 'max-3d-2_jl7chm', 1, FALSE, NULL, CURRENT_TIMESTAMP()),
(70, 22, 'max-3d-3_f4osqu', 2, FALSE, NULL, CURRENT_TIMESTAMP()),
(71, 22, 'max-3d-4_xrgwz8', 3, FALSE, NULL, CURRENT_TIMESTAMP()),
(72, 23, 'premium-digital-1_lxhj03', 0, TRUE, NULL, CURRENT_TIMESTAMP()),
(73, 23, 'premium-digital-2_pnr0vp', 1, FALSE, NULL, CURRENT_TIMESTAMP()),
(74, 23, 'premium-digital-3_z2npnh', 2, FALSE, NULL, CURRENT_TIMESTAMP()),
(75, 24, 'icarius-hand-1_jw03vm', 0, TRUE, NULL, CURRENT_TIMESTAMP()),
(76, 24, 'icarius-hand-2_hskbog', 1, FALSE, NULL, CURRENT_TIMESTAMP()),
(77, 24, 'icarius-hand-3_gxo3dt', 2, FALSE, NULL, CURRENT_TIMESTAMP()),
(78, 24, 'icarius-hand-4_kjgx8l', 3, FALSE, NULL, CURRENT_TIMESTAMP()),
(79, 25, 'icarius-hand-1_jw03vm', 0, TRUE, NULL, CURRENT_TIMESTAMP()),
(80, 25, 'icarius-hand-2_hskbog', 1, FALSE, NULL, CURRENT_TIMESTAMP()),
(81, 25, 'icarius-hand-3_gxo3dt', 2, FALSE, NULL, CURRENT_TIMESTAMP()),
(82, 25, 'icarius-hand-4_kjgx8l', 3, FALSE, NULL, CURRENT_TIMESTAMP()),
(83, 26, 'rome-oil-on-canvas-1_dgkbmr', 0, TRUE, NULL, CURRENT_TIMESTAMP()),
(84, 26, 'rome-oil-on-canvas-2_nrmdks', 1, FALSE, NULL, CURRENT_TIMESTAMP()),
(85, 27, 'europeana-1_klalak', 0, TRUE, NULL, CURRENT_TIMESTAMP()),
(86, 27, 'europeana-2_h6sjja', 1, FALSE, NULL, CURRENT_TIMESTAMP()),
(87, 27, 'europeana-3_ohhkjv', 2, FALSE, NULL, CURRENT_TIMESTAMP()),
(88, 27, 'europeana-4_utzhol', 3, FALSE, NULL, CURRENT_TIMESTAMP()),
(89, 28, 'pink-splash-1_yvoo3b', 0, TRUE, NULL, CURRENT_TIMESTAMP()),
(90, 28, 'pink-splash-2_fsdz6j', 1, FALSE, NULL, CURRENT_TIMESTAMP()),
(91, 28, 'pink-splash-3_roliot', 2, FALSE, NULL, CURRENT_TIMESTAMP()),
(92, 28, 'pink-splash-4_z1hygr', 3, FALSE, NULL, CURRENT_TIMESTAMP()),
(93, 28, 'pink-splash-5_g8hjfv', 4, FALSE, NULL, CURRENT_TIMESTAMP()),
(94, 29, 'pink-splash-1_yvoo3b', 0, TRUE, NULL, CURRENT_TIMESTAMP()),
(95, 29, 'pink-splash-2_fsdz6j', 1, FALSE, NULL, CURRENT_TIMESTAMP()),
(96, 29, 'pink-splash-3_roliot', 2, FALSE, NULL, CURRENT_TIMESTAMP()),
(97, 29, 'pink-splash-4_z1hygr', 3, FALSE, NULL, CURRENT_TIMESTAMP()),
(98, 29, 'pink-splash-5_g8hjfv', 4, FALSE, NULL, CURRENT_TIMESTAMP()),
(99, 30, 'blue-green-pattern-1_i3ment', 0, TRUE, NULL, CURRENT_TIMESTAMP()),
(100, 30, 'blue-green-pattern-2_nrmu3o', 1, FALSE, NULL, CURRENT_TIMESTAMP()),
(101, 31, 'line-of-red-2_abkphw', 0, TRUE, NULL, CURRENT_TIMESTAMP()),
(102, 31, 'line-of-red-3_el9dln', 1, FALSE, NULL, CURRENT_TIMESTAMP()),
(103, 31, 'line-of-red-4_pgmfvf', 2, FALSE, NULL, CURRENT_TIMESTAMP()),
(104, 32, 'pawel-1_dtb9qg', 0, TRUE, NULL, CURRENT_TIMESTAMP()),
(105, 32, 'pawel-2_yd59ej', 1, FALSE, NULL, CURRENT_TIMESTAMP()),
(106, 32, 'pawel-3_an40yl', 2, FALSE, NULL, CURRENT_TIMESTAMP()),
(107, 32, 'pawel-4_wn0kbb', 3, FALSE, NULL, CURRENT_TIMESTAMP()),
(108, 33, 'pawel-1_dtb9qg', 0, TRUE, NULL, CURRENT_TIMESTAMP()),
(109, 33, 'pawel-2_yd59ej', 1, FALSE, NULL, CURRENT_TIMESTAMP()),
(110, 33, 'pawel-3_an40yl', 2, FALSE, NULL, CURRENT_TIMESTAMP()),
(111, 33, 'pawel-4_wn0kbb', 3, FALSE, NULL, CURRENT_TIMESTAMP()),
(112, 34, 'premium_vector-1_qrsab8', 0, TRUE, NULL, CURRENT_TIMESTAMP()),
(113, 35, 'julia-taubitz-81LgM1oIn8E-unsplash_1_clf9zr', 0, TRUE, NULL, CURRENT_TIMESTAMP()),
(114, 36, 'enrico-poppies-photo-1_z7vihb', 0, TRUE, NULL, CURRENT_TIMESTAMP()),
(115, 36, 'enrico-poppies-photo-2_vzfitc', 1, FALSE, NULL, CURRENT_TIMESTAMP()),
(116, 36, 'enrico-poppies-photo-3_iypjl1', 2, FALSE, NULL, CURRENT_TIMESTAMP()),
(117, 36, 'enrico-poppies-photo-4_i1swcf', 3, FALSE, NULL, CURRENT_TIMESTAMP()),
(118, 37, 'enrico-poppies-photo-1_z7vihb', 0, TRUE, NULL, CURRENT_TIMESTAMP()),
(119, 37, 'enrico-poppies-photo-2_vzfitc', 1, FALSE, NULL, CURRENT_TIMESTAMP()),
(120, 37, 'enrico-poppies-photo-3_iypjl1', 2, FALSE, NULL, CURRENT_TIMESTAMP()),
(121, 37, 'enrico-poppies-photo-4_i1swcf', 3, FALSE, NULL, CURRENT_TIMESTAMP()),
(122, 38, 'aneta-lake-photo-1_yqqvoe', 0, TRUE, NULL, CURRENT_TIMESTAMP()),
(123, 38, 'aneta-lake-photo-3_ynwcrb', 1, FALSE, NULL, CURRENT_TIMESTAMP()),
(124, 38, 'aneta-lake-photo-4_t20tzq', 2, FALSE, NULL, CURRENT_TIMESTAMP()),
(125, 39, 'aneta-lake-photo-1_yqqvoe', 0, TRUE, NULL, CURRENT_TIMESTAMP()),
(126, 39, 'aneta-lake-photo-3_ynwcrb', 1, FALSE, NULL, CURRENT_TIMESTAMP()),
(127, 39, 'aneta-lake-photo-4_t20tzq', 2, FALSE, NULL, CURRENT_TIMESTAMP()),
(128, 40, 'henrik-donnestad-Lkpax1rj1No-unsplash_s3uv9w', 0, TRUE, NULL, CURRENT_TIMESTAMP()),
(129, 40, 'henrik-donnestad-HO1Evlp1p1o-unsplash_prnzfj', 1, FALSE, NULL, CURRENT_TIMESTAMP()),
(130, 40, 'henrik-donnestad-t2Sai-AqIpI-unsplash_ccvtol', 2, FALSE, NULL, CURRENT_TIMESTAMP()),
(131, 41, 'henrik-donnestad-Lkpax1rj1No-unsplash_s3uv9w', 0, TRUE, NULL, CURRENT_TIMESTAMP()),
(132, 41, 'henrik-donnestad-HO1Evlp1p1o-unsplash_prnzfj', 1, FALSE, NULL, CURRENT_TIMESTAMP()),
(133, 41, 'henrik-donnestad-t2Sai-AqIpI-unsplash_ccvtol', 2, FALSE, NULL, CURRENT_TIMESTAMP()),
(134, 42, 'museum-of-new-zealand-te-papa-tongarewa-1_vswaeq', 0, TRUE, NULL, CURRENT_TIMESTAMP()),
(135, 42, 'museum-of-new-zealand-te-papa-tongarewa-2_ezdiox', 1, FALSE, NULL, CURRENT_TIMESTAMP()),
(136, 42, 'museum-of-new-zealand-te-papa-tongarewa-BDIFEWEqcKU-unsplash_kqcnq3', 2, FALSE, NULL, CURRENT_TIMESTAMP()),
(137, 43, 'museum-of-new-zealand-te-papa-tongarewa-1_vswaeq', 0, TRUE, NULL, CURRENT_TIMESTAMP()),
(138, 43, 'museum-of-new-zealand-te-papa-tongarewa-2_ezdiox', 1, FALSE, NULL, CURRENT_TIMESTAMP()),
(139, 43, 'museum-of-new-zealand-te-papa-tongarewa-BDIFEWEqcKU-unsplash_kqcnq3', 2, FALSE, NULL, CURRENT_TIMESTAMP()),
(140, 44, 'dubrovnik-photography-1_zaxe7l', 0, TRUE, NULL, CURRENT_TIMESTAMP()),
(141, 44, 'dubrovnik-photography-2_hpjesr', 1, FALSE, NULL, CURRENT_TIMESTAMP()),
(142, 45, 'shifaaz-beack-1_v4pgz0', 0, TRUE, NULL, CURRENT_TIMESTAMP()),
(143, 45, 'shifaaz-beack-2_jrskjd', 1, FALSE, NULL, CURRENT_TIMESTAMP()),
(144, 45, 'shifaaz-beack-3_qxyxlj', 2, FALSE, NULL, CURRENT_TIMESTAMP()),
(145, 46, 'shifaaz-beack-1_v4pgz0', 0, TRUE, NULL, CURRENT_TIMESTAMP()),
(146, 46, 'shifaaz-beack-2_jrskjd', 1, FALSE, NULL, CURRENT_TIMESTAMP()),
(147, 46, 'shifaaz-beack-3_qxyxlj', 2, FALSE, NULL, CURRENT_TIMESTAMP()),
(148, 47, '3d-circle-1_mgarer', 0, TRUE, NULL, CURRENT_TIMESTAMP()),
(149, 47, '3d-circle-2_fgglbc', 1, FALSE, NULL, CURRENT_TIMESTAMP()),
(150, 47, '3d-circle-3_tujxfo', 2, FALSE, NULL, CURRENT_TIMESTAMP()),
(151, 47, '3d-circle-4_d7fk5n', 3, FALSE, NULL, CURRENT_TIMESTAMP()),
(152, 48, 'icarius-hand-1_jw03vm', 0, TRUE, NULL, CURRENT_TIMESTAMP()),
(153, 48, 'icarius-hand-2_hskbog', 1, FALSE, NULL, CURRENT_TIMESTAMP()),
(154, 48, 'icarius-hand-3_gxo3dt', 2, FALSE, NULL, CURRENT_TIMESTAMP()),
(155, 48, 'icarius-hand-4_kjgx8l', 3, FALSE, NULL, CURRENT_TIMESTAMP()),
(156, 49, 'pink-splash-1_yvoo3b', 0, TRUE, NULL, CURRENT_TIMESTAMP()),
(157, 49, 'pink-splash-2_fsdz6j', 1, FALSE, NULL, CURRENT_TIMESTAMP()),
(158, 49, 'pink-splash-3_roliot', 2, FALSE, NULL, CURRENT_TIMESTAMP()),
(159, 49, 'pink-splash-4_z1hygr', 3, FALSE, NULL, CURRENT_TIMESTAMP()),
(160, 49, 'pink-splash-5_g8hjfv', 4, FALSE, NULL, CURRENT_TIMESTAMP()),
(161, 50, 'enrico-poppies-photo-1_z7vihb', 0, TRUE, NULL, CURRENT_TIMESTAMP()),
(162, 50, 'enrico-poppies-photo-2_vzfitc', 1, FALSE, NULL, CURRENT_TIMESTAMP()),
(163, 50, 'enrico-poppies-photo-3_iypjl1', 2, FALSE, NULL, CURRENT_TIMESTAMP()),
(164, 50, 'enrico-poppies-photo-4_i1swcf', 3, FALSE, NULL, CURRENT_TIMESTAMP());

INSERT INTO comment (id, artwork_id, author_id, text, parent_comment_id, created_at, updated_at, is_deleted) VALUES
-- Artwork 1: Recursive Halos (digital rings) - 8 top-level + 5 replies
(1,  1, 2, 'The ring spacing is hypnotic. Beautiful pass.',              NULL, DATEADD('MINUTE',  -8, CURRENT_TIMESTAMP()), DATEADD('MINUTE',  -8, CURRENT_TIMESTAMP()), FALSE),
(2,  1, 3, 'Are these procedural or hand-placed?',                       NULL, DATEADD('MINUTE', -25, CURRENT_TIMESTAMP()), DATEADD('MINUTE', -25, CURRENT_TIMESTAMP()), FALSE),
(3,  1, 4, 'The caustics on the matte plate are unreal.',                NULL, DATEADD('HOUR',   -1, CURRENT_TIMESTAMP()), DATEADD('HOUR',   -1, CURRENT_TIMESTAMP()), FALSE),
(4,  1, 5, 'Such restraint in the palette.',                             NULL, DATEADD('HOUR',   -2, CURRENT_TIMESTAMP()), DATEADD('HOUR',   -2, CURRENT_TIMESTAMP()), FALSE),
(5,  1, 6, 'I keep finding new details on each pass.',                   NULL, DATEADD('HOUR',   -3, CURRENT_TIMESTAMP()), DATEADD('HOUR',   -3, CURRENT_TIMESTAMP()), FALSE),
(6,  1, 2, 'Would buy a print in a heartbeat.',                          NULL, DATEADD('HOUR',   -6, CURRENT_TIMESTAMP()), DATEADD('HOUR',   -6, CURRENT_TIMESTAMP()), FALSE),
(7,  1, 3, 'Render time on this?',                                       NULL, DATEADD('HOUR',  -10, CURRENT_TIMESTAMP()), DATEADD('HOUR',  -10, CURRENT_TIMESTAMP()), FALSE),
(8,  1, 4, 'A meditative piece.',                                        NULL, DATEADD('HOUR',  -16, CURRENT_TIMESTAMP()), DATEADD('HOUR',  -16, CURRENT_TIMESTAMP()), FALSE),
-- Replies on comment 1
(9,  1, 1, 'Hvala! Drago mi je da ti se sviđa.',                         1, DATEADD('MINUTE',  -5, CURRENT_TIMESTAMP()), DATEADD('MINUTE',  -5, CURRENT_TIMESTAMP()), FALSE),
(10, 1, 4, 'Slažem se, ritam prstena radi sve.',                         1, DATEADD('MINUTE',  -3, CURRENT_TIMESTAMP()), DATEADD('MINUTE',  -3, CURRENT_TIMESTAMP()), FALSE),
(11, 1, 5, 'Kako si namjestio razmak između prstena?',                   1, DATEADD('MINUTE',  -1, CURRENT_TIMESTAMP()), DATEADD('MINUTE',  -1, CURRENT_TIMESTAMP()), FALSE),
(12, 1, 1, 'Phyllotaxis ratio, ručno tweakan.',                          1, DATEADD('HOUR',    -1, CURRENT_TIMESTAMP()), DATEADD('HOUR',    -1, CURRENT_TIMESTAMP()), FALSE),
(13, 1, 6, 'Wallpaper material - može li veća rezolucija?',              1, DATEADD('HOUR',    -2, CURRENT_TIMESTAMP()), DATEADD('HOUR',    -2, CURRENT_TIMESTAMP()), FALSE),

-- Artwork 4: Hand Studies (sculpture series) - 4 top-level + 1 reply
(14, 4, 1, 'The grasp is so honest. Lovely studies.',                    NULL, DATEADD('HOUR', -2, CURRENT_TIMESTAMP()), DATEADD('HOUR', -2, CURRENT_TIMESTAMP()), FALSE),
(15, 4, 3, 'Which one is your favourite?',                               NULL, DATEADD('HOUR', -5, CURRENT_TIMESTAMP()), DATEADD('HOUR', -5, CURRENT_TIMESTAMP()), FALSE),
(16, 4, 5, 'Cast clay reads beautifully here.',                          NULL, DATEADD('HOUR', -8, CURRENT_TIMESTAMP()), DATEADD('HOUR', -8, CURRENT_TIMESTAMP()), FALSE),
(17, 4, 6, 'Are these from life or from study?',                         NULL, DATEADD('DAY',  -1, CURRENT_TIMESTAMP()), DATEADD('DAY',  -1, CURRENT_TIMESTAMP()), FALSE),
(18, 4, 2, 'Thanks! All from life - my own hands, mirrored.',            17, DATEADD('HOUR', -2, CURRENT_TIMESTAMP()), DATEADD('HOUR', -2, CURRENT_TIMESTAMP()), FALSE),

-- Artwork 7: Pink Velocity (acrylic pours) - 12 top-level + 4 replies
(19, 7, 1, 'The energy across the five canvases is wild.',               NULL, DATEADD('MINUTE', -12, CURRENT_TIMESTAMP()), DATEADD('MINUTE', -12, CURRENT_TIMESTAMP()), FALSE),
(20, 7, 2, 'Did you tilt during cure or let them set flat?',             NULL, DATEADD('MINUTE', -40, CURRENT_TIMESTAMP()), DATEADD('MINUTE', -40, CURRENT_TIMESTAMP()), FALSE),
(21, 7, 4, 'Heavy-body acrylic done right.',                             NULL, DATEADD('HOUR',   -1, CURRENT_TIMESTAMP()), DATEADD('HOUR',   -1, CURRENT_TIMESTAMP()), FALSE),
(22, 7, 5, 'The pinks read almost neon in places.',                      NULL, DATEADD('HOUR',   -2, CURRENT_TIMESTAMP()), DATEADD('HOUR',   -2, CURRENT_TIMESTAMP()), FALSE),
(23, 7, 6, 'I love that they hang as a set.',                            NULL, DATEADD('HOUR',   -3, CURRENT_TIMESTAMP()), DATEADD('HOUR',   -3, CURRENT_TIMESTAMP()), FALSE),
(24, 7, 1, 'What was the working time per canvas?',                      NULL, DATEADD('HOUR',   -5, CURRENT_TIMESTAMP()), DATEADD('HOUR',   -5, CURRENT_TIMESTAMP()), FALSE),
(25, 7, 2, 'Are originals available individually?',                      NULL, DATEADD('HOUR',   -7, CURRENT_TIMESTAMP()), DATEADD('HOUR',   -7, CURRENT_TIMESTAMP()), FALSE),
(26, 7, 4, 'The texture in #3 is something else.',                       NULL, DATEADD('HOUR',  -12, CURRENT_TIMESTAMP()), DATEADD('HOUR',  -12, CURRENT_TIMESTAMP()), FALSE),
(27, 7, 5, 'A masterclass in fluid dynamics.',                           NULL, DATEADD('HOUR',  -16, CURRENT_TIMESTAMP()), DATEADD('HOUR',  -16, CURRENT_TIMESTAMP()), FALSE),
(28, 7, 6, 'Saving the whole series for inspiration.',                   NULL, DATEADD('DAY',   -1, CURRENT_TIMESTAMP()), DATEADD('DAY',   -1, CURRENT_TIMESTAMP()), FALSE),
(29, 7, 1, 'How did the linen handle the heavy-body load?',              NULL, DATEADD('DAY',   -2, CURRENT_TIMESTAMP()), DATEADD('DAY',   -2, CURRENT_TIMESTAMP()), FALSE),
(30, 7, 2, 'Would love a studio visit some day.',                        NULL, DATEADD('DAY',   -3, CURRENT_TIMESTAMP()), DATEADD('DAY',   -3, CURRENT_TIMESTAMP()), FALSE),
-- Replies on comment 19
(31, 7, 3, 'Thank you! It came together in a single afternoon.',         19, DATEADD('MINUTE',  -8, CURRENT_TIMESTAMP()), DATEADD('MINUTE',  -8, CURRENT_TIMESTAMP()), FALSE),
(32, 7, 1, 'Ovo je serijski rad iz snova.',                              19, DATEADD('MINUTE',  -5, CURRENT_TIMESTAMP()), DATEADD('MINUTE',  -5, CURRENT_TIMESTAMP()), FALSE),
(33, 7, 4, 'Did you stretch the linen yourself?',                        19, DATEADD('MINUTE',  -2, CURRENT_TIMESTAMP()), DATEADD('MINUTE',  -2, CURRENT_TIMESTAMP()), FALSE),
(34, 7, 3, 'Yes, all five - same batch of rust treatment too.',          19, DATEADD('HOUR',    -1, CURRENT_TIMESTAMP()), DATEADD('HOUR',    -1, CURRENT_TIMESTAMP()), FALSE),

-- Artwork 15: Architectural Shadows (silver gelatin photo) - 5 top-level
(35, 15, 1, 'The fog gives these such weight.',                          NULL, DATEADD('HOUR', -3, CURRENT_TIMESTAMP()), DATEADD('HOUR', -3, CURRENT_TIMESTAMP()), FALSE),
(36, 15, 3, 'Silver gelatin really pays off here.',                      NULL, DATEADD('HOUR', -8, CURRENT_TIMESTAMP()), DATEADD('HOUR', -8, CURRENT_TIMESTAMP()), FALSE),
(37, 15, 4, 'Which paper did you print on?',                             NULL, DATEADD('DAY',  -1, CURRENT_TIMESTAMP()), DATEADD('DAY',  -1, CURRENT_TIMESTAMP()), FALSE),
(38, 15, 5, 'The poured-concrete texture comes through cleanly.',        NULL, DATEADD('DAY',  -2, CURRENT_TIMESTAMP()), DATEADD('DAY',  -2, CURRENT_TIMESTAMP()), FALSE),
(39, 15, 2, 'Which stairwell is this - anywhere I can visit?',           NULL, DATEADD('DAY',  -3, CURRENT_TIMESTAMP()), DATEADD('DAY',  -3, CURRENT_TIMESTAMP()), FALSE);

INSERT INTO artwork_like (id, artwork_id, user_id, created_at) VALUES
(1,  1,  2, CURRENT_TIMESTAMP()),
(2,  1,  3, CURRENT_TIMESTAMP()),
(3,  1,  4, CURRENT_TIMESTAMP()),
(4,  1,  5, CURRENT_TIMESTAMP()),
(5,  2,  3, CURRENT_TIMESTAMP()),
(6,  2,  6, CURRENT_TIMESTAMP()),
(7,  4,  1, CURRENT_TIMESTAMP()),
(8,  4,  3, CURRENT_TIMESTAMP()),
(9,  4,  5, CURRENT_TIMESTAMP()),
(10, 6,  1, CURRENT_TIMESTAMP()),
(11, 7,  1, CURRENT_TIMESTAMP()),
(12, 7,  2, CURRENT_TIMESTAMP()),
(13, 7,  4, CURRENT_TIMESTAMP()),
(14, 7,  6, CURRENT_TIMESTAMP()),
(15, 8,  1, CURRENT_TIMESTAMP()),
(16, 10, 3, CURRENT_TIMESTAMP()),
(17, 13, 1, CURRENT_TIMESTAMP()),
(18, 13, 6, CURRENT_TIMESTAMP()),
(19, 14, 2, CURRENT_TIMESTAMP()),
(20, 15, 1, CURRENT_TIMESTAMP()),
(21, 15, 3, CURRENT_TIMESTAMP()),
(22, 16, 5, CURRENT_TIMESTAMP()),
(23, 17, 4, CURRENT_TIMESTAMP()),
(24, 18, 1, CURRENT_TIMESTAMP()),
(25, 18, 5, CURRENT_TIMESTAMP());

INSERT INTO collection (id, owner_id, name, description, created_at, updated_at, is_public) VALUES
(1, 1, 'Urban Scenes',   'Street-focused sketches and photo references.',         DATEADD('DAY', -95, CURRENT_TIMESTAMP()), DATEADD('DAY', -95, CURRENT_TIMESTAMP()), TRUE),
(2, 1, 'Sunset Studies', 'Warm color palette experiments for landscape compositions.', DATEADD('DAY', -77, CURRENT_TIMESTAMP()), DATEADD('DAY', -77, CURRENT_TIMESTAMP()), FALSE),
(3, 2, 'Print Drafts',   'Mixed-media drafts prepared for print review.',         DATEADD('DAY', -40, CURRENT_TIMESTAMP()), DATEADD('DAY', -40, CURRENT_TIMESTAMP()), TRUE);

INSERT INTO collection_artwork (collection_id, artwork_id) VALUES
(1, 2),
(1, 3),
(2, 1),
(3, 3),
(3, 1);

INSERT INTO challenge (id, created_by, title, description, quote, kind, status, theme, cover_image_url, starts_at, ends_at, created_at, updated_at) VALUES
(1, 1, 'The Light of Dusk', 'Capturing the fleeting transition between day and night. We are looking for work that emphasizes long shadows, warm gradients, and the quiet melancholy of the blue hour.', 'Twilight is the crack between worlds where the light forgets its name and the shadows begin to sing.', 'FEATURED',         'ACTIVE', 'Dusk',       NULL, DATEADD('DAY', -3, CURRENT_TIMESTAMP()), DATEADD('DAY', 11, CURRENT_TIMESTAMP()), CURRENT_TIMESTAMP(), CURRENT_TIMESTAMP()),
(2, 1, 'Brutalist Forms',   'A study of raw materials and uncompromising geometry. We celebrate the beauty of concrete, steel, and the rhythm of repetitive structures in the urban landscape.',     'The architect''s task is to make life more beautiful, but also to show the strength that holds it up.', 'COMMUNITY_CHOICE', 'ACTIVE', 'Brutalism',  NULL, DATEADD('DAY', -7, CURRENT_TIMESTAMP()), DATEADD('DAY',  7, CURRENT_TIMESTAMP()), CURRENT_TIMESTAMP(), CURRENT_TIMESTAMP());

INSERT INTO challenge_submission (id, challenge_id, artwork_id, submitted_by, submitted_at) VALUES
(1,  1, 1,  1, DATEADD('HOUR',  -2, CURRENT_TIMESTAMP())),
(2,  1, 7,  1, DATEADD('HOUR',  -5, CURRENT_TIMESTAMP())),
(3,  1, 5,  5, DATEADD('HOUR',  -8, CURRENT_TIMESTAMP())),
(4,  1, 4,  4, DATEADD('HOUR', -12, CURRENT_TIMESTAMP())),
(5,  1, 3,  3, DATEADD('HOUR', -20, CURRENT_TIMESTAMP())),
(6,  1, 8,  4, DATEADD('HOUR', -26, CURRENT_TIMESTAMP())),
(7,  2, 6,  6, DATEADD('HOUR',  -1, CURRENT_TIMESTAMP())),
(8,  2, 2,  2, DATEADD('HOUR',  -6, CURRENT_TIMESTAMP())),
(9,  2, 4,  4, DATEADD('HOUR', -14, CURRENT_TIMESTAMP())),
(10, 2, 1,  1, DATEADD('HOUR', -22, CURRENT_TIMESTAMP())),
(11, 2, 5,  5, DATEADD('HOUR', -30, CURRENT_TIMESTAMP()));

ALTER TABLE app_user             ALTER COLUMN id RESTART WITH 100;
ALTER TABLE authority            ALTER COLUMN id RESTART WITH 100;
ALTER TABLE seller_application   ALTER COLUMN id RESTART WITH 100;
ALTER TABLE artwork              ALTER COLUMN id RESTART WITH 100;
ALTER TABLE artwork_image        ALTER COLUMN id RESTART WITH 100;
ALTER TABLE comment              ALTER COLUMN id RESTART WITH 200;
ALTER TABLE artwork_like         ALTER COLUMN id RESTART WITH 100;
ALTER TABLE collection           ALTER COLUMN id RESTART WITH 100;
ALTER TABLE challenge            ALTER COLUMN id RESTART WITH 100;
ALTER TABLE challenge_submission ALTER COLUMN id RESTART WITH 100;
